一级学科代码,一级学科名称,评估结果,学校名称1,学校名称2,学校名称3,学校名称4,学校名称5,学校名称6,学校名称7,学校名称8,学校名称9,学校名称10,学校名称11,学校名称12,学校名称13,学校名称14,学校名称15,学校名称16,学校名称17,学校名称18,学校名称19,学校名称20,学校名称21,学校名称22,学校名称23,学校名称24,学校名称25,学校名称26,学校名称27
101,哲学,A+,北京大学,复旦大学,,,,,,,,,,,,,,,,,,,,,,,,,
101,哲学,A,中国人民大学,南京大学,,,,,,,,,,,,,,,,,,,,,,,,,
101,哲学,A-,北京师范大学,吉林大学,武汉大学,中山大学,,,,,,,,,,,,,,,,,,,,,,,
101,哲学,B+,清华大学,南开大学,黑龙江大学,华东师范大学,东南大学,浙江大学,山东大学,华中科技大学,,,,,,,,,,,,,,,,,,,
101,哲学,B,中央民族大学,山西大学,东北大学,同济大学,南京师范大学,厦门大学,湖南师范大学,四川大学,陕西师范大学,,,,,,,,,,,,,,,,,,
101,哲学,B-,辽宁大学,大连理工大学,上海师范大学,苏州大学,中南大学,华南师范大学,西南大学,西安交通大学,,,,,,,,,,,,,,,,,,,
101,哲学,C+,中国政法大学,河北大学,安徽大学,华侨大学,南昌大学,河南大学,湖北大学,中南财经政法大学,兰州大学,,,,,,,,,,,,,,,,,,
101,哲学,C,吉林师范大学,上海大学,吉首大学,深圳大学,西南民族大学,云南大学,,,,,,,,,,,,,,,,,,,,,
101,哲学,C,昆明理工大学,西北政法大学,,,,,,,,,,,,,,,,,,,,,,,,,
101,哲学,C-,河北师范大学,沈阳师范大学,安黴师范大学,河南师范大学,广西大学,四川师范大学,西南政法大学,云南师范大学,,,,,,,,,,,,,,,,,,,
201,理论经济学,A+,中国人民大学,复旦大学,,,,,,,,,,,,,,,,,,,,,,,,,
201,理论经济学,A,北京大学,南开大学,,,,,,,,,,,,,,,,,,,,,,,,,
201,理论经济学,A-,北京师范大学,南京大学,浙江大学,武汉大学,西北大学,,,,,,,,,,,,,,,,,,,,,,
201,理论经济学,B+,清华大学,中央财经大学,吉林大学,上海财经大学,厦门大学,山东大学,华中科技大学,中山大学,西南财经大学,,,,,,,,,,,,,,,,,,
201,理论经济学,B,对外经济贸易大学,辽宁大学,东北财经大学,福建师范大学,江西财经大学,中南财经政法大学,深圳大学,四川大学,云南大学,,,,,,,,,,,,,,,,,,
201,理论经济学,B-,首都经济贸易大学,东北师范大学,湖北大学,湘潭大学,湖南大学,暨南大学,华南师范大学,陕西师范大学,新疆大学,,,,,,,,,,,,,,,,,,
201,理论经济学,C+,北京理工大学,中央民族大学,中国政法大学,天津财经大学,河北大学,山西财经大学,华东师范大学,南京财经大学,河南大学,湖南师范大学,,,,,,,,,,,,,,,,,
201,理论经济学,C,山西大学,吉林财经大学,黑龙江大学,安徽大学,,,,,,,,,,,,,,,,,,,,,,,
201,理论经济学,C,山东财经大学,华中师范大学,重庆大学,四川师范大学,青岛大学,浙江财经大学,,,,,,,,,,,,,,,,,,,,,
201,理论经济学,C-,北京工商大学,上海大学,云南财经大学,西安交通大学,兰州大学,兰州财经大学,南京审计大学,,,,,,,,,,,,,,,,,,,,
202,应用经济学,A+,北京大学,中国人民大学,中央财经大学,,,,,,,,,,,,,,,,,,,,,,,,
202,应用经济学,A,对外经济贸易大学,东北财经大学,上海财经大学,厦门大学,,,,,,,,,,,,,,,,,,,,,,,
202,应用经济学,A-,清华大学,南开大学,复旦大学,江西财经大学,山东大学,中南财经政法大学,西南财经大学,西安交通大学,,,,,,,,,,,,,,,,,,,
202,应用经济学,B+,北京交通大学,首都经济贸易大学,天津财经大学,辽宁大学,吉林大学,南京大学,东南大学,浙江大学,浙江工商大学,山东财经大学,武汉大学,华中科技大学,湖南大学,中山大学,暨南大学,浙江财经大学,,,,,,,,,,,
202,应用经济学,B,北京理工大学,北京工商大学,山西财经大学,大连理工大学,同济大学,华东师范大学,上海对外经贸大学,上海大学,南京财经大学,安徽大学,中国海洋大学,武汉理工大学,广西大学,重庆大学,云南财经大学,,,,,,,,,,,,
202,应用经济学,B-,东北师范大学,哈尔滨商业大学,华东理工大学,苏州大学,,,,,,,,,,,,,,,,,,,,,,,
202,应用经济学,B-,南京师范大学,浙江工业大学,安徽财经大学,华侨大学,河南大学,中国地质大学,湖南科技大学,四川大学,兰州大学,重庆工商大学,广东外语外贸大学,军事经济学院,,,,,,,,,,,,,,,
202,应用经济学,C+,北京师范大学,吉林财经大学,南昌大学,济南大学,郑州大学,河南财经政法大学,华中师范大学,长沙理工大学,华南师范大学,广东财经大学,西北大学,新疆财经大学,西安财经学院,宁波大学,河北经贸大学,,,,,,,,,,,,
202,应用经济学,C,北京科技大学,河北大学,内蒙古大学,上海师范大学,华东政法大学,中国矿业大学,江南大学,江苏大学,江苏师范大学,浙江理工大学,山东理工大学,海南大学,西南政法大学,西南民族大学,贵州财经大学,云南大学,兰州财经大学,南京审计大学,中国石油大学,,,,,,,,
202,应用经济学,C-,中央民族大学,中国政法大学,天津工业大学,天津商业大学,,,,,,,,,,,,,,,,,,,,,,,
202,应用经济学,C-,内蒙古财经大学,安徽工业大学,广西师范大学,贵州大学,云南师范大学,陕西师范大学,石河子大学,西安邮电大学,,,,,,,,,,,,,,,,,,,
301,法学,A+,中国人民大学,中国政法大学,,,,,,,,,,,,,,,,,,,,,,,,,
301,法学,A,北京大学,清华大学,华东政法大学,武汉大学,西南政法大学,,,,,,,,,,,,,,,,,,,,,,
301,法学,A-,对外经济贸易大学,吉林大学,上海交通大学,南京大学,浙江大学,厦门大学,中南财经政法大学,,,,,,,,,,,,,,,,,,,,
301,法学,B+,北京航空航天大学,北京师范大学,南开大学,辽宁大学,复旦大学,苏州大学,南京师范大学,山东大学,湘潭大学,中南大学,中山大学,四川大学,重庆大学,西北政法大学,,,,,,,,,,,,,
301,法学,B,中央财经大学,中国人民公安大学,大连海事大学,黑龙江大学,同济大学,上海财经大学,安徽大学,江西财经大学,中国海洋大学,郑州大学,湖南大学,湖南师范大学,海南大学,西南财经大学,烟台大学,,,,,,,,,,,,
301,法学,B-,中央民族大学,浙江工商大学,福州大学,河南大学,华中科技大学,暨南大学,华南理工大学,,,,,,,,,,,,,,,,,,,,
301,法学,B-,深圳大学,广东财经大学,云南大学,西安交通大学,兰州大学,甘肃政法学院,上海政法学院,,,,,,,,,,,,,,,,,,,,
301,法学,C+,北京理工大学,北京外国语大学,河北大学,山西大学,内蒙古大学,上海海事大学,上海对外经贸大学,上海大学,华侨大学,华中师范大学,贵州大学,新疆大学,广州大学,宁波大学,广东外语外贸大学,,,,,,,,,,,,
301,法学,C,北京交通大学,首都师范大学,天津师范大学,山西财经大学,沈阳师范大学,东北财经大学,华东理工大学,河海大学,福建师范大学,河南财经政法大学,中南民族大学,西南民族大学,昆明理工大学,扬州大学,河北经贸大学,,,,,,,,,,,,
301,法学,C-,北方工业大学,北京工商大学,华北电力大学,上海师范大学,南京财经大学,杭州师范大学,安徽财经大学,武汉理工大学,华南师范大学,广西大学,广西师范大学,青岛大学,浙江财经大学,,,,,,,,,,,,,,
302,政治学,A+,北京大学,复旦大学,,,,,,,,,,,,,,,,,,,,,,,,,
302,政治学,A,中国人民大学,,,,,,,,,,,,,,,,,,,,,,,,,,
302,政治学,A-,清华大学,南开大学,吉林大学,华中师范大学,,,,,,,,,,,,,,,,,,,,,,,
302,政治学,B+,中国政法大学,天津师范大学,华东师范大学,上海外国语大学,南京大学,厦门大学,山东大学,云南大学,,,,,,,,,,,,,,,,,,,
302,政治学,B,对外经济贸易大学,东北师范大学,华东政法大学,苏州大学,武汉大学,中山大学,暨南大学,,,,,,,,,,,,,,,,,,,,
302,政治学,B-,北京师范大学,北京外国语大学,山西大学,同济大学,南京师范大学,湖南师范大学,华南师范大学,四川大学,西华师范大学,,,,,,,,,,,,,,,,,,
302,政治学,C+,首都师范大学,上海交通大学,上海师范大学,华侨大学,湘潭大学,深圳大学,西南政法大学,,,,,,,,,,,,,,,,,,,,
302,政治学,C,辽宁大学,黑龙江大学,浙江师范大学,中国海洋大学,郑州大学,河南师范大学,广东外语外贸大学,,,,,,,,,,,,,,,,,,,,
302,政治学,C-,辽宁师范大学,聊城大学,广西民族大学,贵州师范大学,陕西师范大学,,,,,,,,,,,,,,,,,,,,,,
302,政治学,C-,延安大学,新疆大学,青岛大学,,,,,,,,,,,,,,,,,,,,,,,,
303,社会学,A+,北京大学,中国人民大学,,,,,,,,,,,,,,,,,,,,,,,,,
303,社会学,A,南京大学,,,,,,,,,,,,,,,,,,,,,,,,,,
303,社会学,A-,清华大学,复旦大学,上海大学,,,,,,,,,,,,,,,,,,,,,,,,
303,社会学,B+,中央民族大学,南开大学,吉林大学,华东理工大学,华东师范大学,华中科技大学,中山大学,,,,,,,,,,,,,,,,,,,,
303,社会学,B,中国农业大学,河海大学,浙江大学,厦门大学,武汉大学,华中师范大学,,,,,,,,,,,,,,,,,,,,,
303,社会学,B-,北京师范大学,中央财经大学,中国政法大学,山东大学,中南大学,云南民族大学,西安交通大学,,,,,,,,,,,,,,,,,,,,
303,社会学,C+,哈尔滨工业大学,浙江师范大学,安徽大学,四川大学,西南财经大学,云南大学,,,,,,,,,,,,,,,,,,,,,
303,社会学,C,苏州大学,南京师范大学,济南大学,西南大学,贵州民族大学,西北农林科技大学,兰州大学,,,,,,,,,,,,,,,,,,,,
303,社会学,C-,沈阳师范大学,哈尔滨工程大学,赣南师范大学,湖南师范大学,云南师范大学,西北民族大学,,,,,,,,,,,,,,,,,,,,,
304,民族学,A+,中央民族大学,云南大学,,,,,,,,,,,,,,,,,,,,,,,,,
304,民族学,A-,中南民族大学,,,,,,,,,,,,,,,,,,,,,,,,,,
304,民族学,B+,中山大学,西南民族大学,兰州大学,,,,,,,,,,,,,,,,,,,,,,,,
304,民族学,B,内蒙古大学,广西民族大学,云南民族大学,,,,,,,,,,,,,,,,,,,,,,,,
304,民族学,B-,厦门大学,陕西师范大学,宁夏大学,,,,,,,,,,,,,,,,,,,,,,,,
304,民族学,C+,四川大学,西北民族大学,新疆师范大学,,,,,,,,,,,,,,,,,,,,,,,,
304,民族学,C,内蒙古师范大学,湖北民族学院,西藏民族大学,,,,,,,,,,,,,,,,,,,,,,,,
304,民族学,C-,吉首大学,贵州民族大学,北方民族大学,,,,,,,,,,,,,,,,,,,,,,,,
305,马克思主义理论,A+,中国人民大学,清华大学,东北师范大学,武汉大学,,,,,,,,,,,,,,,,,,,,,,,
305,马克思主义理论,A,北京大学,吉林大学,复旦大学,南京师范大学,山东大学,华中师范大学,中山大学,,,,,,,,,,,,,,,,,,,,
305,马克思主义理论,A-,北京师范大学,首都师范大学,南开大学,华东师范大学,浙江大学,福建师范大学,江西师范大学,中南大学,华南师范大学,四川大学,西南大学,西安交通大学,,,,,,,,,,,,,,,
305,马克思主义理论,B+,北京交通大学,中央财经大学,天津师范大学,辽宁大学,哈尔滨师范大学,同济大学,上海财经大学,上海大学,南京大学,苏州大学,河海大学,合肥工业大学,山东师范大学,郑州大学,华中科技大学,武汉理工大学,湘潭大学,湖南大学,广西师范大学,西南交通大学,陕西师范大学,兰州大学,南京政治学院,,,,
305,马克思主义理论,B,北京科技大学,中国政法大学,河北师范大学,大连海事大学,,,,,,,,,,,,,,,,,,,,,,,
305,马克思主义理论,B,黑龙江大学,哈尔滨工程大学,上海交通大学,上海师范大学,南京航空航天大学,浙江师范大学,安徽师范大学,厦门大学,河南大学,中国地质大学,湖南科技大学,湖南师范大学,华南理工大学,贵州师范大学,西安理工大学,新疆大学,新疆师范大学,扬州大学,中国石油大学,,,,,,,,
305,马克思主义理论,B-,北京航空航天大学,河北大学,山西大学,内蒙古大学,辽宁师范大学,哈尔滨理工大学,华东理工大学,南京理工大学,中国矿业大学,江南大学,江苏大学,江苏师范大学,温州大学,安徽大学,曲阜师范大学,湖北大学,中南民族大学,广西大学,西南财经大学,云南大学,西安科技大学,西北师范大学,海南师范大学,,,,
305,马克思主义理论,C+,北京理工大学,河北工业大学,山西师范大学,哈尔滨工业大学,东北林业大学,华东政法大学,浙江理工大学,杭州师范大学,,,,,,,,,,,,,,,,,,,
305,马克思主义理论,C+,浙江工商大学,福州大学,福建农林大学,南昌航空大学,江西财经大学,河南理工大学,河南师范大学,信阳师范学院,武汉工程大学,中南财经政法大学,海南大学,重庆邮电大学,西华大学,重庆师范大学,长安大学,三峡大学,广州大学,,,,,,,,,,
305,马克思主义理论,C,北方工业大学,中央民族大学,华北电力大学,山西财经大学,渤海大学,长春理工大学,北华大学,南通大学,安徽工业大学,赣南师范大学,武汉科技大学,武汉纺织大学,长沙理工大学,深圳大学,广西民族大学,重庆大学,西南石油大学,重庆交通大学,西南科技大学,西华师范大学,西南政法大学,贵州财经大学,云南师范大学,延安大学,,,
305,马克思主义理论,C-,北京化工大学,北京工商大学,中国农业大学,辽宁石油化工大学,沈阳师范大学,长春师范大学,燕山大学,南京财经大学,江西理工大学,,,,,,,,,,,,,,,,,,
305,马克思主义理论,C-,山东财经大学,河南工业大学,河南科技大学,河南农业大学,南华大学,广东财经大学,广西师范学院,成都理工大学,云南财经大学,兰州理工大学,宁波大学,重庆工商大学,,,,,,,,,,,,,,,
401,教育学,A+,北京师范大学,华东师范大学,,,,,,,,,,,,,,,,,,,,,,,,,
401,教育学,A,东北师范大学,南京师范大学,华中师范大学,,,,,,,,,,,,,,,,,,,,,,,,
401,教育学,A-,北京大学,首都师范大学,浙江大学,华南师范大学,西南大学,,,,,,,,,,,,,,,,,,,,,,
401,教育学,B+,清华大学,上海师范大学,浙江师范大学,厦门大学,山东师范大学,河南大学,华中科技大学,湖南师范大学,陕西师范大学,西北师范大学,,,,,,,,,,,,,,,,,
401,教育学,B,北京理工大学,天津大学,天津师范大学,辽宁师范大学,沈阳师范大学,哈尔滨师范大学,江苏师范大学,江西师范大学,广西师范大学,四川师范大学,,,,,,,,,,,,,,,,,
401,教育学,B-,河北大学,苏州大学,杭州师范大学,安黴师范大学,福建师范大学,曲阜师范大学,河南师范大学,重庆师范大学,云南师范大学,新疆师范大学,,,,,,,,,,,,,,,,,
401,教育学,C+,中央民族大学,河北师范大学,山西大学,山西师范大学,内蒙古师范大学,同济大学,江南大学,温州大学,广州大学,宁波大学,,,,,,,,,,,,,,,,,
401,教育学,C,北京工业大学,渤海大学,吉林师范大学,浙江工业大学,赣南师范大学,湖北大学,中南民族大学,贵州师范大学,云南大学,扬州大学,,,,,,,,,,,,,,,,,
401,教育学,C-,天津职业技术师范大学,长春师范大学,江苏大学,淮北师范大学,鲁东大学,湖北师范大学,深圳大学,广西师范学院,石河子大学,海南师范大学,,,,,,,,,,,,,,,,,
402,心理学,A+,北京大学,北京师范大学,华南师范大学,,,,,,,,,,,,,,,,,,,,,,,,
402,心理学,A-,华东师范大学,西南大学,,,,,,,,,,,,,,,,,,,,,,,,,
402,心理学,B+,天津师范大学,南京师范大学,浙江大学,华中师范大学,陕西师范大学,,,,,,,,,,,,,,,,,,,,,,
402,心理学,B,首都师范大学,辽宁师范大学,上海师范大学,山东师范大学,第四军医大学,,,,,,,,,,,,,,,,,,,,,,
402,心理学,B-,东北师范大学,浙江师范大学,江西师范大学,中南大学,湖南师范大学,中山大学,,,,,,,,,,,,,,,,,,,,,
402,心理学,C+,苏州大学,福建师范大学,深圳大学,西北师范大学,,,,,,,,,,,,,,,,,,,,,,,
402,心理学,C,内蒙古师范大学,杭州师范大学,河南大学,贵州师范大学,广州大学,,,,,,,,,,,,,,,,,,,,,,
402,心理学,C-,清华大学,北京体育大学,河北师范大学,吉林大学,安徽医科大学,曲阜师范大学,,,,,,,,,,,,,,,,,,,,,
403,体育学,A+,北京体育大学,上海体育学院,,,,,,,,,,,,,,,,,,,,,,,,,
403,体育学,A,华东师范大学,,,,,,,,,,,,,,,,,,,,,,,,,,
403,体育学,A-,天津体育学院,福建师范大学,武汉体育学院,华南师范大学,成都体育学院,,,,,,,,,,,,,,,,,,,,,,
403,体育学,B+,清华大学,北京师范大学,首都体育学院,沈阳体育学院,苏州大学,浙江大学,华中师范大学,,,,,,,,,,,,,,,,,,,,
403,体育学,B,山西大学,东北师范大学,吉林体育学院,南京师范大学,曲阜师范大学,湖南师范大学,广州体育学院,西安体育学院,,,,,,,,,,,,,,,,,,,
403,体育学,B-,河北师范大学,辽宁师范大学,南京体育学院,山东师范大学,山东体育学院,河南大学,陕西师范大学,宁波大学,,,,,,,,,,,,,,,,,,,
403,体育学,C+,山西师范大学,浙江师范大学,安黴师范大学,江西师范大学,郑州大学,广西师范大学,云南师范大学,西北师范大学,新疆师范大学,扬州大学,,,,,,,,,,,,,,,,,
403,体育学,C,河南师范大学,湖北大学,吉首大学,深圳大学,西南大学,,,,,,,,,,,,,,,,,,,,,,
403,体育学,C-,沈阳师范大学,吉林大学,哈尔滨师范大学,同济大学,,,,,,,,,,,,,,,,,,,,,,,
403,体育学,C-,上海师范大学,江苏师范大学,杭州师范大学,集美大学,,,,,,,,,,,,,,,,,,,,,,,
501,中国语言文学,A+,北京大学,北京师范大学,,,,,,,,,,,,,,,,,,,,,,,,,
501,中国语言文学,A,复旦大学,华东师范大学,南京大学,浙江大学,山东大学,四川大学,,,,,,,,,,,,,,,,,,,,,
501,中国语言文学,A-,中国人民大学,首都师范大学,南开大学,南京师范大学,武汉大学,中山大学,,,,,,,,,,,,,,,,,,,,,
501,中国语言文学,B+,清华大学,北京语言大学,中央民族大学,吉林大学,东北师范大学,上海师范大学,苏州大学,浙江师范大学,福建师范大学,山东师范大学,河南大学,华中师范大学,暨南大学,西南大学,陕西师范大学,,,,,,,,,,,,
501,中国语言文学,B,天津师范大学,河北大学,河北师范大学,内蒙古大学,黑龙江大学,哈尔滨师范大学,上海大学,江苏师范大学,厦门大学,湖南师范大学,华南师范大学,广西师范大学,四川师范大学,西北大学,西北师范大学,扬州大学,,,,,,,,,,,
501,中国语言文学,B-,中国传媒大学,山西大学,辽宁大学,上海交通大学,安徽大学,,,,,,,,,,,,,,,,,,,,,,
501,中国语言文学,B-,安徽师范大学,江西师范大学,曲阜师范大学,华中科技大学,湖北大学,广西民族大学,云南大学,兰州大学,新疆大学,,,,,,,,,,,,,,,,,,
501,中国语言文学,C+,北京外国语大学,内蒙古师范大学,辽宁师范大学,沈阳师范大学,上海外国语大学,杭州师范大学,南昌大学,郑州大学,湘潭大学,重庆师范大学,西南民族大学,贵州师范大学,西北民族大学,新疆师范大学,海南师范大学,,,,,,,,,,,,
501,中国语言文学,C,北京第二外国语学院,吉林师范大学,浙江工业大学,温州大学,华侨大学,中国海洋大学,济南大学,中南民族大学,湖南大学,广西大学,西南交通大学,西华师范大学,云南师范大学,青岛大学,三峡大学,,,,,,,,,,,,
501,中国语言文学,C-,天津外国语大学,渤海大学,延边大学,同济大学,南通大学,鲁东大学,河南师范大学,海南大学,深圳大学,贵州民族大学,云南民族大学,,,,,,,,,,,,,,,,
501,中国语言文学,C-,宁夏大学,广州大学,广东外语外贸大学,,,,,,,,,,,,,,,,,,,,,,,,
502,外国语言文学,A+,北京大学,北京外国语大学,上海外国语大学,,,,,,,,,,,,,,,,,,,,,,,,
502,外国语言文学,A,黑龙江大学,上海交通大学,南京大学,浙江大学,广东外语外贸大学,,,,,,,,,,,,,,,,,,,,,,
502,外国语言文学,A-,清华大学,北京航空航天大学,北京师范大学,对外经济贸易大学,复旦大学,华东师范大学,南京师范大学,山东大学,,,,,,,,,,,,,,,,,,,
502,外国语言文学,B+,中国人民大学,北京语言大学,南开大学,延边大学,东北师范大学,同济大学,苏州大学,厦门大学,武汉大学,湖南大学,湖南师范大学,中山大学,四川大学,西南大学,四川外国语大学,西安外国语大学,,,,,,,,,,,
502,外国语言文学,B,北京科技大学,首都师范大学,北京第二外国语学院,天津外国语大学,大连外国语大学,吉林大学,上海对外经贸大学,杭州师范大学,浙江工商大学,福建师范大学,中国海洋大学,河南大学,华中科技大学,华中师范大学,陕西师范大学,宁波大学,,,,,,,,,,,
502,外国语言文学,B-,北京交通大学,哈尔滨工业大学,,,,,,,,,,,,,,,,,,,,,,,,,
502,外国语言文学,B-,哈尔滨师范大学,上海海事大学,上海大学,浙江师范大学,山东师范大学,曲阜师范大学,郑州大学,暨南大学,华南理工大学,华南师范大学,广西民族大学,重庆大学,西安交通大学,西北师范大学,扬州大学,,,,,,,,,,,,
502,外国语言文学,C+,北京理工大学,中国政法大学,天津师范大学,山西大学,辽宁师范大学,上海师范大学,上海财经大学,南京航空航天大学,中国矿业大学,安徽大学,江西师范大学,河南师范大学,湘潭大学,广西大学,广西师范大学,西南交通大学,四川师范大学,兰州大学,中国石油大学,,,,,,,,
502,外国语言文学,C,北京林业大学,中国传媒大学,河北师范大学,辽宁大学,大连海事大学,上海理工大学,江苏大学,鲁东大学,中国地质大学,湖南科技大学,深圳大学,重庆师范大学,西北大学,青岛大学,国防科技大学,,,,,,,,,,,,
502,外国语言文学,C-,河北大学,,,,,,,,,,,,,,,,,,,,,,,,,,
502,外国语言文学,C-,华北电力大学,内蒙古大学,吉林师范大学,华东理工大学,南京理工大学,江苏师范大学,福州大学,南昌大学,湖北大学,中南财经政法大学,西南政法大学,西南民族大学,云南大学,云南师范大学,宁夏大学,,,,,,,,,,,,
503,新闻传播学,A+,中国人民大学,中国传媒大学,,,,,,,,,,,,,,,,,,,,,,,,,
503,新闻传播学,A,复旦大学,华中科技大学,,,,,,,,,,,,,,,,,,,,,,,,,
503,新闻传播学,A-,清华大学,上海交通大学,武汉大学,暨南大学,,,,,,,,,,,,,,,,,,,,,,,
503,新闻传播学,B+,北京大学,华东师范大学,上海大学,南京大学,南京师范大学,浙江大学,厦门大学,四川大学,,,,,,,,,,,,,,,,,,,
503,新闻传播学,B,河北大学,安徽大学,郑州大学,湖南大学,湖南师范大学,中山大学,深圳大学,陕西师范大学,,,,,,,,,,,,,,,,,,,
503,新闻传播学,B-,上海外国语大学,苏州大学,南昌大学,山东大学,河南大学,华南理工大学,兰州大学,南京政治学院,,,,,,,,,,,,,,,,,,,
503,新闻传播学,C+,北京印刷学院,北京师范大学,北京外国语大学,天津师范大学,辽宁大学,重庆大学,西南政法大学,西北大学,,,,,,,,,,,,,,,,,,,
503,新闻传播学,C,中央民族大学,中国政法大学,吉林大学,同济大学,上海理工大学,汕头大学,广西大学,西安交通大学,,,,,,,,,,,,,,,,,,,
503,新闻传播学,C-,北京工商大学,南开大学,,,,,,,,,,,,,,,,,,,,,,,,,
503,新闻传播学,C-,上海师范大学,安徽师范大学,华中师范大学,西南大学,云南大学,新疆大学,,,,,,,,,,,,,,,,,,,,,
601,考古学,A+,北京大学,西北大学,,,,,,,,,,,,,,,,,,,,,,,,,
601,考古学,A-,吉林大学,,,,,,,,,,,,,,,,,,,,,,,,,,
601,考古学,B+,南京大学,山东大学,郑州大学,四川大学,,,,,,,,,,,,,,,,,,,,,,,
601,考古学,B,浙江大学,武汉大学,中山大学,,,,,,,,,,,,,,,,,,,,,,,,
601,考古学,B-,中国人民大学,首都师范大学,南开大学,复旦大学,,,,,,,,,,,,,,,,,,,,,,,
601,考古学,C+,河北师范大学,厦门大学,河南大学,重庆师范大学,,,,,,,,,,,,,,,,,,,,,,,
601,考古学,C,中央民族大学,南京师范大学,陕西师范大学,,,,,,,,,,,,,,,,,,,,,,,,
601,考古学,C-,北京师范大学,山西大学,安徽大学,北京联合大学,,,,,,,,,,,,,,,,,,,,,,,
602,中国史,A+,北京师范大学,复旦大学,,,,,,,,,,,,,,,,,,,,,,,,,
602,中国史,A,北京大学,南京大学,,,,,,,,,,,,,,,,,,,,,,,,,
602,中国史,A-,中国人民大学,南开大学,华中师范大学,中山大学,,,,,,,,,,,,,,,,,,,,,,,
602,中国史,B+,清华大学,首都师范大学,华东师范大学,厦门大学,山东大学,武汉大学,四川大学,陕西师范大学,,,,,,,,,,,,,,,,,,,
602,中国史,B,吉林大学,东北师范大学,上海师范大学,暨南大学,西南大学,云南大学,西北大学,兰州大学,,,,,,,,,,,,,,,,,,,
602,中国史,B-,中央民族大学,河北大学,南京师范大学,浙江大学,郑州大学,河南大学,湖南大学,湖南师范大学,,,,,,,,,,,,,,,,,,,
602,中国史,C+,天津师范大学,河北师范大学,山西大学,内蒙古大学,上海大学,苏州大学,福建师范大学,曲阜师范大学,西北师范大学,,,,,,,,,,,,,,,,,,
602,中国史,C,辽宁师范大学,上海交通大学,安徽大学,安徽师范大学,江西师范大学,湖北大学,华南师范大学,扬州大学,,,,,,,,,,,,,,,,,,,
602,中国史,C-,辽宁大学,,,,,,,,,,,,,,,,,,,,,,,,,,
602,中国史,C-,吉林师范大学,浙江师范大学,杭州师范大学,南昌大学,山东师范大学,四川师范大学,云南师范大学,,,,,,,,,,,,,,,,,,,,
603,世界史,A+,北京大学,华东师范大学,,,,,,,,,,,,,,,,,,,,,,,,,
603,世界史,A-,首都师范大学,南开大学,东北师范大学,,,,,,,,,,,,,,,,,,,,,,,,
603,世界史,B+,北京师范大学,天津师范大学,复旦大学,南京大学,武汉大学,西北大学,,,,,,,,,,,,,,,,,,,,,
603,世界史,B,中国人民大学,吉林大学,上海师范大学,浙江大学,厦门大学,四川大学,,,,,,,,,,,,,,,,,,,,,
603,世界史,B-,清华大学,上海大学,福建师范大学,华中师范大学,中山大学,陕西师范大学,,,,,,,,,,,,,,,,,,,,,
603,世界史,C+,延边大学,山东大学,郑州大学,暨南大学,华南师范大学,云南大学,,,,,,,,,,,,,,,,,,,,,
603,世界史,C,哈尔滨师范大学,苏州科技大学,浙江师范大学,山东师范大学,河南大学,,,,,,,,,,,,,,,,,,,,,,
603,世界史,C-,河北师范大学,辽宁大学,聊城大学,湖南师范大学,广西师范大学,西南大学,,,,,,,,,,,,,,,,,,,,,
701,数学,A+,北京大学,复旦大学,山东大学,,,,,,,,,,,,,,,,,,,,,,,,
701,数学,A,清华大学,北京师范大学,南开大学,上海交通大学,中国科学技术大学,西安交通大学,,,,,,,,,,,,,,,,,,,,,
701,数学,A-,吉林大学,哈尔滨工业大学,同济大学,华东师范大学,南京大学,浙江大学,武汉大学,中山大学,四川大学,,,,,,,,,,,,,,,,,,
701,数学,B+,首都师范大学,大连理工大学,东北师范大学,上海大学,苏州大学,南京师范大学,浙江师范大学,厦门大学,华中科技大学,华中师范大学,湘潭大学,湖南大学,中南大学,湖南师范大学,华南理工大学,华南师范大学,重庆大学,陕西师范大学,兰州大学,国防科技大学,,,,,,,
701,数学,B,中国人民大学,北京工业大学,河北师范大学,上海师范大学,中国矿业大学,安徽大学,福州大学,福建师范大学,郑州大学,西南大学,云南大学,西北大学,,,,,,,,,,,,,,,
701,数学,B,西北工业大学,西北师范大学,新疆大学,广州大学,,,,,,,,,,,,,,,,,,,,,,,
701,数学,B-,北京交通大学,北京科技大学,山西大学,内蒙古大学,华东理工大学,南京航空航天大学,南京理工大学,南京信息工程大学,江苏师范大学,合肥工业大学,江西师范大学,山东师范大学,曲阜师范大学,湖北大学,四川师范大学,重庆师范大学,贵州大学,扬州大学,宁波大学,,,,,,,,
701,数学,C+,北方工业大学,东北大学,辽宁师范大学,东华大学,江苏大学,浙江理工大学,杭州师范大学,温州大学,南昌大学,中国海洋大学,河南大学,河南师范大学,暨南大学,汕头大学,广西大学,贵州师范大学,宁夏大学,中国石油大学,,,,,,,,,
701,数学,C,中国农业大学,华北电力大学,华北理工大学,中北大学,吉林师范大学,哈尔滨理工大学,哈尔滨师范大学,上海理工大学,浙江工业大学,,,,,,,,,,,,,,,,,,
701,数学,C,安徽师范大学,中国地质大学,长沙理工大学,桂林电子科技大学,西南交通大学,成都理工大学,云南师范大学,烟台大学,解放军理工大学,,,,,,,,,,,,,,,,,,
701,数学,C-,北京化工大学,中国民航大学,天津师范大学,河北大学,华北水利水电大学,山西师范大学,辽宁大学,沈阳师范大学,渤海大学,黑龙江大学,河海大学,集美大学,河南理工大学,信阳师范学院,湖北师范大学,广西民族大学,西南石油大学,西华师范大学,昆明理工大学,青岛大学,,,,,,,
702,物理学,A+,北京大学,中国科学技术大学,,,,,,,,,,,,,,,,,,,,,,,,,
702,物理学,A,清华大学,复旦大学,上海交通大学,南京大学,,,,,,,,,,,,,,,,,,,,,,,
702,物理学,A-,南开大学,吉林大学,浙江大学,武汉大学,华中科技大学,中山大学,,,,,,,,,,,,,,,,,,,,,
702,物理学,B+,北京师范大学,山西大学,东北师范大学,哈尔滨工业大学,同济大学,华东师范大学,厦门大学,山东大学,华中师范大学,华南师范大学,西安交通大学,兰州大学,国防科技大学,,,,,,,,,,,,,,
702,物理学,B,中国人民大学,大连理工大学,上海大学,苏州大学,河南师范大学,湖南大学,中南大学,湖南师范大学,四川大学,重庆大学,西北大学,西北工业大学,陕西师范大学,,,,,,,,,,,,,,
702,物理学,B-,北京工业大学,北京科技大学,河北师范大学,内蒙古大学,东北大学,长春理工大学,南京师范大学,福建师范大学,山东师范大学,郑州大学,湘潭大学,西北师范大学,,,,,,,,,,,,,,,
702,物理学,C+,北京交通大学,辽宁师范大学,上海师范大学,南京航空航天大学,浙江工业大学,浙江师范大学,南昌大学,曲阜师范大学,河南大学,华南理工大学,西南交通大学,云南大学,青岛大学,,,,,,,,,,,,,,
702,物理学,C,北京化工大学,天津师范大学,辽宁大学,吉林师范大学,华东理工大学,杭州师范大学,安徽师范大学,江西师范大学,广西大学,广西师范大学,西南大学,四川师范大学,宁波大学,,,,,,,,,,,,,,
702,物理学,C-,华北电力大学,哈尔滨师范大学,上海理工大学,东华大学,南京理工大学,中国矿业大学,安徽大学,中国海洋大学,济南大学,中国地质大学,湖北大学,贵州大学,中国石油大学,,,,,,,,,,,,,,
703,化学,A+,北京大学,清华大学,中国科学技术大学,,,,,,,,,,,,,,,,,,,,,,,,
703,化学,A,南开大学,吉林大学,复旦大学,厦门大学,,,,,,,,,,,,,,,,,,,,,,,
703,化学,A-,上海交通大学,南京大学,浙江大学,福州大学,武汉大学,湖南大学,中山大学,四川大学,,,,,,,,,,,,,,,,,,,
703,化学,B+,北京化工大学,北京师范大学,东北师范大学,同济大学,华东理工大学,华东师范大学,苏州大学,山东大学,郑州大学,华中科技大学,华中师范大学,西南大学,西北大学,陕西师范大学,兰州大学,,,,,,,,,,,,
703,化学,B,北京科技大学,山西大学,大连理工大学,东北大学,南京师范大学,安徽师范大学,青岛科技大学,山东师范大学,河南师范大学,中南大学,湖南师范大学,华南理工大学,华南师范大学,云南大学,扬州大学,,,,,,,,,,,,
703,化学,B-,河北大学,山西师范大学,内蒙古大学,黑龙江大学,东华大学,,,,,,,,,,,,,,,,,,,,,,
703,化学,B-,上海师范大学,安黴大学,南昌大学,江西师范大学,河南大学,湘潭大学,广西师范大学,西北工业大学,西北师范大学,新疆大学,中国石油大学,,,,,,,,,,,,,,,,
703,化学,C+,中国人民大学,中国农业大学,首都师范大学,辽宁大学,辽宁师范大学,哈尔滨工业大学,上海大学,浙江师范大学,杭州师范大学,温州大学,福建师范大学,中南民族大学,暨南大学,西安交通大学,海南师范大学,,,,,,,,,,,,
703,化学,C,天津师范大学,河北师范大学,延边大学,南京航空航天大学,南京工业大学,江苏大学,浙江理工大学,淮北师范大学,中国海洋大学,济南大学,曲阜师范大学,中国地质大学,湖北大学,湖南科技大学,汕头大学,重庆大学,,,,,,,,,,,
703,化学,C-,长春理工大学,吉林师范大学,哈尔滨师范大学,南京理工大学,中国矿业大学,江苏师范大学,华侨大学,武汉工程大学,,,,,,,,,,,,,,,,,,,
703,化学,C-,湖北师范大学,贵州大学,云南民族大学,大连大学,宁波大学,,,,,,,,,,,,,,,,,,,,,,
704,天文学,A+,南京大学,中国科学技术大学,,,,,,,,,,,,,,,,,,,,,,,,,
704,天文学,B-,北京大学,,,,,,,,,,,,,,,,,,,,,,,,,,
704,天文学,C+,上海交通大学,,,,,,,,,,,,,,,,,,,,,,,,,,
704,天文学,C-,北京师范大学,,,,,,,,,,,,,,,,,,,,,,,,,,
705,地理学,A+,北京大学,北京师范大学,,,,,,,,,,,,,,,,,,,,,,,,,
705,地理学,A,华东师范大学,,,,,,,,,,,,,,,,,,,,,,,,,,
705,地理学,A-,南京大学,南京师范大学,武汉大学,,,,,,,,,,,,,,,,,,,,,,,,
705,地理学,B+,首都师范大学,东北师范大学,福建师范大学,河南大学,中山大学,云南师范大学,兰州大学,,,,,,,,,,,,,,,,,,,,
705,地理学,B,华中师范大学,湖南师范大学,华南师范大学,西北大学,陕西师范大学,,,,,,,,,,,,,,,,,,,,,,
705,地理学,B-,辽宁师范大学,哈尔滨师范大学,山东师范大学,西南大学,贵州师范大学,西北师范大学,,,,,,,,,,,,,,,,,,,,,
705,地理学,C+,河北师范大学,浙江师范大学,安黴师范大学,中国海洋大学,青海师范大学,新疆大学,,,,,,,,,,,,,,,,,,,,,
705,地理学,C,天津师范大学,河海大学,江苏师范大学,江西师范大学,中国地质大学,湖北大学,,,,,,,,,,,,,,,,,,,,,
705,地理学,C-,内蒙古师范大学,上海师范大学,南京信息工程大学,四川师范大学,重庆师范大学,云南大学,广州大学,,,,,,,,,,,,,,,,,,,,
706,大气科学,A+,北京大学,南京信息工程大学,,,,,,,,,,,,,,,,,,,,,,,,,
706,大气科学,B,南京大学,解放军理工大学,,,,,,,,,,,,,,,,,,,,,,,,,
706,大气科学,B-,兰州大学,,,,,,,,,,,,,,,,,,,,,,,,,,
706,大气科学,C+,清华大学,中国海洋大学,,,,,,,,,,,,,,,,,,,,,,,,,
706,大气科学,C,中山大学,,,,,,,,,,,,,,,,,,,,,,,,,,
706,大气科学,C-,中国科学技术大学,,,,,,,,,,,,,,,,,,,,,,,,,,
707,海洋科学,A+,厦门大学,中国海洋大学,,,,,,,,,,,,,,,,,,,,,,,,,
707,海洋科学,B+,同济大学,中山大学,,,,,,,,,,,,,,,,,,,,,,,,,
707,海洋科学,B,浙江海洋大学,中国地质大学,,,,,,,,,,,,,,,,,,,,,,,,,
707,海洋科学,B-,上海海洋大学,浙江大学,,,,,,,,,,,,,,,,,,,,,,,,,
707,海洋科学,C+,南京大学,河海大学,广东海洋大学,,,,,,,,,,,,,,,,,,,,,,,,
707,海洋科学,C,大连海洋大学,哈尔滨工业大学,,,,,,,,,,,,,,,,,,,,,,,,,
707,海洋科学,C-,华东师范大学,解放军理工大学,,,,,,,,,,,,,,,,,,,,,,,,,
708,地球物理学,A+,中国科学技术大学,武汉大学,,,,,,,,,,,,,,,,,,,,,,,,,
708,地球物理学,B,北京大学,,,,,,,,,,,,,,,,,,,,,,,,,,
708,地球物理学,B-,中国地质大学,中国石油大学,,,,,,,,,,,,,,,,,,,,,,,,,
708,地球物理学,C+,同济大学,,,,,,,,,,,,,,,,,,,,,,,,,,
708,地球物理学,C,吉林大学,,,,,,,,,,,,,,,,,,,,,,,,,,
708,地球物理学,C-,长江大学,成都理工大学,,,,,,,,,,,,,,,,,,,,,,,,,
709,地质学,A+,南京大学,中国地质大学,,,,,,,,,,,,,,,,,,,,,,,,,
709,地质学,B+,北京大学,西北大学,,,,,,,,,,,,,,,,,,,,,,,,,
709,地质学,B,吉林大学,中国科学技术大学,,,,,,,,,,,,,,,,,,,,,,,,,
709,地质学,B-,成都理工大学,中国石油大学,,,,,,,,,,,,,,,,,,,,,,,,,
709,地质学,C+,中国矿业大学,浙江大学,合肥工业大学,,,,,,,,,,,,,,,,,,,,,,,,
709,地质学,C,中南大学,中山大学,,,,,,,,,,,,,,,,,,,,,,,,,
709,地质学,C-,中国海洋大学,兰州大学,,,,,,,,,,,,,,,,,,,,,,,,,
710,生物学,A+,北京大学,清华大学,上海交通大学,,,,,,,,,,,,,,,,,,,,,,,,
710,生物学,A,中国农业大学,南京大学,中国科学技术大学,武汉大学,华中农业大学,,,,,,,,,,,,,,,,,,,,,,
710,生物学,A-,南开大学,东北师范大学,复旦大学,浙江大学,厦门大学,华中科技大学,中山大学,四川大学,,,,,,,,,,,,,,,,,,,
710,生物学,B+,首都医科大学,北京师范大学,首都师范大学,吉林大学,同济大学,华东师范大学,南京师范大学,山东大学,中国海洋大学,中南大学,暨南大学,云南大学,西北农林科技大学,陕西师范大学,兰州大学,第四军医大学,,,,,,,,,,,
710,生物学,B,北京林业大学,内蒙古大学,中国医科大学,大连医科大学,东北林业大学,哈尔滨医科大学,安徽农业大学,福建农林大学,河南大学,河南师范大学,华中师范大学,湖北大学,湖南农业大学,湖南师范大学,西南大学,西北大学,,,,,,,,,,,
710,生物学,B-,河北大学,河北农业大学,,,,,,,,,,,,,,,,,,,,,,,,,
710,生物学,B-,河北师范大学,山西大学,山西医科大学,上海海洋大学,杭州师范大学,福建师范大学,南昌大学,山东师范大学,华南理工大学,华南师范大学,广西大学,四川农业大学,贵州大学,西安交通大学,,,,,,,,,,,,,
710,生物学,C+,河北医科大学,大连理工大学,辽宁师范大学,吉林农业大学,华东理工大学,上海师范大学,温州医科大学,浙江师范大学,安徽师范大学,湖南大学,中南林业科技大学,汕头大学,重庆大学,新疆大学,青岛大学,扬州大学,,,,,,,,,,,
710,生物学,C,天津师范大学,东北大学,延边大学,黑龙江大学,哈尔滨工业大学,哈尔滨师范大学,上海大学,苏州大学,江苏师范大学,浙江理工大学,浙江农林大学,中国计量大学,安徽大学,郑州大学,河南农业大学,昆明理工大学,,,,,,,,,,,
710,生物学,C-,北京工业大学,辽宁大学,锦州医科大学,沈阳师范大学,,,,,,,,,,,,,,,,,,,,,,,
710,生物学,C-,江苏科技大学,江苏大学,合肥工业大学,安徽医科大学,福州大学,中南民族大学,西南科技大学,重庆师范大学,云南师范大学,西北工业大学,宁夏大学,三峡大学,,,,,,,,,,,,,,,
711,系统科学,A+,北京交通大学,国防科技大学,,,,,,,,,,,,,,,,,,,,,,,,,
711,系统科学,B,上海理工大学,,,,,,,,,,,,,,,,,,,,,,,,,,
711,系统科学,B-,北京师范大学,,,,,,,,,,,,,,,,,,,,,,,,,,
711,系统科学,C+,云南大学,青岛大学,,,,,,,,,,,,,,,,,,,,,,,,,
711,系统科学,C,四川大学,,,,,,,,,,,,,,,,,,,,,,,,,,
711,系统科学,C-,重庆师范大学,,,,,,,,,,,,,,,,,,,,,,,,,,
712,科学技术史,A+,北京科技大学,中国科学技术大学,,,,,,,,,,,,,,,,,,,,,,,,,
712,科学技术史,B+,内蒙古师范大学,上海交通大学,,,,,,,,,,,,,,,,,,,,,,,,,
712,科学技术史,B,北京大学,西北大学,,,,,,,,,,,,,,,,,,,,,,,,,
712,科学技术史,B-,山西大学,南京信息工程大学,,,,,,,,,,,,,,,,,,,,,,,,,
712,科学技术史,C+,清华大学,广西民族大学,,,,,,,,,,,,,,,,,,,,,,,,,
712,科学技术史,C,哈尔滨工业大学,东华大学,,,,,,,,,,,,,,,,,,,,,,,,,
712,科学技术史,C-,首都师范大学,云南农业大学,,,,,,,,,,,,,,,,,,,,,,,,,
713,生态学,A+,浙江大学,中山大学,,,,,,,,,,,,,,,,,,,,,,,,,
713,生态学,A,北京大学,东北师范大学,兰州大学,,,,,,,,,,,,,,,,,,,,,,,,
713,生态学,A-,北京师范大学,复旦大学,华东师范大学,南京大学,云南大学,,,,,,,,,,,,,,,,,,,,,,
713,生态学,B+,清华大学,中国农业大学,南开大学,上海交通大学,中国科学技术大学,厦门大学,福建农林大学,武汉大学,四川大学,西北农林科技大学,,,,,,,,,,,,,,,,,
713,生态学,B,北京林业大学,首都师范大学,河北师范大学,内蒙古大学,东北林业大学,安徽大学,中国海洋大学,中南林业科技大学,重庆大学,西北大学,,,,,,,,,,,,,,,,,
713,生态学,B-,山西大学,安徽农业大学,安徽师范大学,福建师范大学,山东大学,湖南农业大学,湖南师范大学,暨南大学,华南师范大学,广西大学,,,,,,,,,,,,,,,,,
713,生态学,C+,中央民族大学,南京师范大学,浙江农林大学,杭州师范大学,华中农业大学,西南大学,西华师范大学,陕西师范大学,新疆大学,海南师范大学,,,,,,,,,,,,,,,,,
713,生态学,C,中国人民大学,河北大学,辽宁大学,沈阳师范大学,南京信息工程大学,南昌大学,河南大学,湖北大学,贵州大学,西南林业大学,,,,,,,,,,,,,,,,,
713,生态学,C-,河北农业大学,辽宁师范大学,吉林农业大学,黑龙江大学,浙江师范大学,华中师范大学,吉首大学,贵州师范大学,宁夏大学,三峡大学,,,,,,,,,,,,,,,,,
714,统计学,A+,北京大学,中国人民大学,,,,,,,,,,,,,,,,,,,,,,,,,
714,统计学,A,南开大学,东北师范大学,华东师范大学,厦门大学,,,,,,,,,,,,,,,,,,,,,,,
714,统计学,A-,北京师范大学,东北财经大学,上海财经大学,浙江工商大学,中国科学技术大学,江西财经大学,,,,,,,,,,,,,,,,,,,,,
714,统计学,B+,清华大学,北京交通大学,北京工业大学,首都师范大学,中央财经大学,对外经济贸易大学,首都经济贸易大学,吉林大学,复旦大学,山东大学,中南财经政法大学,中南大学,,,,,,,,,,,,,,,
714,统计学,B,山西财经大学,哈尔滨工业大学,上海交通大学,安黴大学,武汉大学,华中科技大学,华中师范大学,湖南大学,中山大学,云南大学,云南财经大学,西安交通大学,,,,,,,,,,,,,,,
714,统计学,B-,辽宁大学,南京大学,苏州大学,南京师范大学,江苏师范大学,安徽财经大学,曲阜师范大学,暨南大学,四川大学,重庆大学,西南大学,广州大学,,,,,,,,,,,,,,,
714,统计学,C+,吉林财经大学,南京财经大学,,,,,,,,,,,,,,,,,,,,,,,,,
714,统计学,C+,福建师范大学,山东财经大学,河南大学,湘潭大学,湖南师范大学,西北大学,兰州财经大学,浙江财经大学,西安财经学院,重庆工商大学,,,,,,,,,,,,,,,,,
714,统计学,C,中央民族大学,河北大学,长春工业大学,上海大学,中国矿业大学,郑州大学,河南师范大学,桂林理工大学,西南交通大学,成都信息工程大学,新疆财经大学,河北经贸大学,,,,,,,,,,,,,,,
714,统计学,C-,北京科技大学,北方工业大学,北京林业大学,内蒙古财经大学,江苏大学,安徽师范大学,福建农林大学,中国地质大学,长沙理工大学,广东财经大学,广西大学,广西师范大学,贵州财经大学,,,,,,,,,,,,,,
801,力学,A+,北京大学,清华大学,,,,,,,,,,,,,,,,,,,,,,,,,
801,力学,A,哈尔滨工业大学,西安交通大学,,,,,,,,,,,,,,,,,,,,,,,,,
801,力学,A-,北京航空航天大学,天津大学,大连理工大学,南京航空航天大学,,,,,,,,,,,,,,,,,,,,,,,
801,力学,B+,北京理工大学,同济大学,上海交通大学,上海大学,浙江大学,中国科学技术大学,华中科技大学,西北工业大学,,,,,,,,,,,,,,,,,,,
801,力学,B,北京交通大学,哈尔滨工程大学,南京理工大学,中国矿业大学,河海大学,西南交通大学,兰州大学,国防科技大学,,,,,,,,,,,,,,,,,,,
801,力学,B-,北京工业大学,北京科技大学,东南大学,武汉理工大学,湖南大学,中山大学,四川大学,重庆大学,,,,,,,,,,,,,,,,,,,
801,力学,C+,太原理工大学,辽宁工程技术大学,复旦大学,武汉大学,湘潭大学,暨南大学,华南理工大学,昆明理工大学,中国石油大学,,,,,,,,,,,,,,,,,,
801,力学,C,东北大学,吉林大学,江苏大学,山东大学,郑州大学,中南大学,宁波大学,,,,,,,,,,,,,,,,,,,,
801,力学,C-,石家庄铁道大学,内蒙古工业大学,,,,,,,,,,,,,,,,,,,,,,,,,
801,力学,C-,大连交通大学,燕山大学,合肥工业大学,厦门大学,南昌大学,长安大学,,,,,,,,,,,,,,,,,,,,,
802,机械工程,A+,清华大学,哈尔滨工业大学,上海交通大学,华中科技大学,,,,,,,,,,,,,,,,,,,,,,,
802,机械工程,A,北京理工大学,天津大学,大连理工大学,浙江大学,西安交通大学,,,,,,,,,,,,,,,,,,,,,,
802,机械工程,A-,北京航空航天大学,吉林大学,燕山大学,同济大学,南京航空航天大学,湖南大学,中南大学,华南理工大学,重庆大学,国防科技大学,,,,,,,,,,,,,,,,,
802,机械工程,B+,北京交通大学,北京工业大学,北京科技大学,太原理工大学,东北大学,上海大学,东南大学,南京理工大学,中国矿业大学,江苏大学,浙江工业大学,合肥工业大学,山东大学,武汉理工大学,西南交通大学,西北工业大学,西安电子科技大学,广东工业大学,,,,,,,,,
802,机械工程,B,中国农业大学,河北工业大学,太原科技大学,大连交通大学,沈阳建筑大学,长春理工大学,哈尔滨理工大学,哈尔滨工程大学,华东理工大学,上海理工大学,东华大学,浙江理工大学,福州大学,,,,,,,,,,,,,,
802,机械工程,B,武汉大学,武汉科技大学,四川大学,电子科技大学,西南石油大学,西安理工大学,中国石油大学,解放军理工大学,,,,,,,,,,,,,,,,,,,
802,机械工程,B-,北京化工大学,中北大学,沈阳工业大学,长春工业大学,厦门大学,华侨大学,南昌大学,山东科技大学,山东理工大学,河南科技大学,湖南科技大学,桂林电子科技大学,贵州大学,昆明理工大学,长安大学,兰州理工大学,兰州交通大学,,,,,,,,,,
802,机械工程,C+,北京邮电大学,北京林业大学,天津工业大学,沈阳理工大学,辽宁工程技术大学,东北林业大学,江南大学,南京林业大学,杭州电子科技大学,青岛科技大学,青岛理工大学,河南理工大学,西安工业大学,西安建筑科技大学,西安科技大学,新疆大学,上海工程技术大学,重庆理工大学,火箭军工程大学,,,,,,,,
802,机械工程,C,北方工业大学,天津科技大学,华北电力大学,石家庄铁道大学,沈阳航空航天大学,辽宁科技大学,,,,,,,,,,,,,,,,,,,,,
802,机械工程,C,东北石油大学,苏州大学,河海大学,南通大学,安徽工业大学,安徽理工大学,郑州大学,郑州轻工业学院,中国地质大学,武汉纺织大学,湖北工业大学,湘潭大学,长沙理工大学,广西大学,北京信息科技大学,,,,,,,,,,,,
802,机械工程,C-,天津职业技术师范大学,华北理工大学,大连海事大学,上海海事大学,上海应用技术大学,江苏科技大学,南京工业大学,常州大学,济南大学,山东建筑大学,齐鲁工业大学,深圳大学,重庆交通大学,西华大学,陕西科技大学,青岛大学,广州大学,,,,,,,,,,
803,光学工程,A+,浙江大学,华中科技大学,,,,,,,,,,,,,,,,,,,,,,,,,
803,光学工程,A,天津大学,国防科技大学,,,,,,,,,,,,,,,,,,,,,,,,,
803,光学工程,A-,北京理工大学,长春理工大学,哈尔滨工业大学,电子科技大学,,,,,,,,,,,,,,,,,,,,,,,
803,光学工程,B+,清华大学,北京工业大学,北京航空航天大学,南开大学,上海理工大学,苏州大学,南京理工大学,南京邮电大学,深圳大学,,,,,,,,,,,,,,,,,,
803,光学工程,B,北京交通大学,哈尔滨工程大学,复旦大学,南京大学,东南大学,四川大学,西安电子科技大学,,,,,,,,,,,,,,,,,,,,
803,光学工程,B-,北京邮电大学,河北大学,中国计量大学,中国科学技术大学,山东大学,中山大学,西北工业大学,西安工业大学,,,,,,,,,,,,,,,,,,,
803,光学工程,C+,山西大学,太原理工大学,大连理工大学,燕山大学,南京航空航天大学,福建师范大学,暨南大学,重庆大学,,,,,,,,,,,,,,,,,,,
803,光学工程,C,江南大学,江苏大学,江苏师范大学,厦门大学,华侨大学,南昌航空大学,武汉大学,解放军理工大学,,,,,,,,,,,,,,,,,,,
803,光学工程,C-,天津理工大学,大连工业大学,,,,,,,,,,,,,,,,,,,,,,,,,
803,光学工程,C-,南京信息工程大学,苏州科技大学,安徽大学,合肥工业大学,中国海洋大学,云南师范大学,西北大学,,,,,,,,,,,,,,,,,,,,
804,仪器科学与技术,A,天津大学,,,,,,,,,,,,,,,,,,,,,,,,,,
804,仪器科学与技术,A-,哈尔滨工业大学,上海交通大学,东南大学,重庆大学,,,,,,,,,,,,,,,,,,,,,,,
804,仪器科学与技术,B+,中北大学,吉林大学,中国科学技术大学,合肥工业大学,电子科技大学,西安交通大学,国防科技大学,,,,,,,,,,,,,,,,,,,,
804,仪器科学与技术,B,北京理工大学,大连理工大学,沈阳工业大学,长春理工大学,中国计量大学,厦门大学,西安电子科技大学,,,,,,,,,,,,,,,,,,,,
804,仪器科学与技术,B-,哈尔滨理工大学,燕山大学,哈尔滨工程大学,南京航空航天大学,南京理工大学,桂林电子科技大学,西北工业大学,西安理工大学,,,,,,,,,,,,,,,,,,,
804,仪器科学与技术,C+,北京工业大学,北京科技大学,上海理工大学,江苏大学,南昌航空大学,武汉大学,四川大学,北京信息科技大学,,,,,,,,,,,,,,,,,,,
804,仪器科学与技术,C,上海大学,中国地质大学,武汉理工大学,重庆理工大学,解放军信息工程大学,海军航空工程学院,,,,,,,,,,,,,,,,,,,,,
804,仪器科学与技术,C-,天津科技大学,河北大学,河北工业大学,东北石油大学,南京邮电大学,湖北工业大学,西南石油大学,,,,,,,,,,,,,,,,,,,,
804,仪器科学与技术,C-,广东工业大学,,,,,,,,,,,,,,,,,,,,,,,,,,
804,仪器科学与技术,A+    ,清华大学,北京航空航天大学,,,,,,,,,,,,,,,,,,,,,,,,,
805,材料科学与工程,A+,清华大学,北京航空航天大学,武汉理工大学,,,,,,,,,,,,,,,,,,,,,,,,
805,材料科学与工程,A,北京科技大学,哈尔滨工业大学,上海交通大学,浙江大学,西北工业大学,,,,,,,,,,,,,,,,,,,,,,
805,材料科学与工程,A-,北京理工大学,北京化工大学,天津大学,东北大学,中国科学技术大学,中南大学,华南理工大学,四川大学,西安交通大学,,,,,,,,,,,,,,,,,,
805,材料科学与工程,B+,北京工业大学,大连理工大学,吉林大学,燕山大学,复旦大学,同济大学,华东理工大学,东华大学,上海大学,南京大学,苏州大学,南京工业大学,山东大学,郑州大学,华中科技大学,重庆大学,国防科技大学,,,,,,,,,,
805,材料科学与工程,B,南开大学,河北工业大学,哈尔滨工程大学,东南大学,南京航空航天大学,南京理工大学,江苏大学,合肥工业大学,厦门大学,武汉科技大学,湘潭大学,湖南大学,中山大学,西南交通大学,电子科技大学,昆明理工大学,,,,,,,,,,,
805,材料科学与工程,B,西安理工大学,西安建筑科技大学,,,,,,,,,,,,,,,,,,,,,,,,,
805,材料科学与工程,B-,天津工业大学,天津理工大学,中北大学,太原理工大学,沈阳工业大学,江苏科技大学,南昌大学,青岛科技大学,济南大学,河南科技大学,武汉大学,中国地质大学,陕西科技大学,兰州理工大学,中国石油大学,广东工业大学,,,,,,,,,,,
805,材料科学与工程,C+,太原科技大学,大连交通大学,长春理工大学,长春工业大学,哈尔滨理工大学,浙江工业大学,安徽工业大学,华侨大学,福州大学,景德镇陶瓷大学,武汉工程大学,湖北大学,西南科技大学,贵州大学,西安电子科技大学,西安工业大学,兰州大学,青岛大学,,,,,,,,,
805,材料科学与工程,C,北京交通大学,华北电力大学,内蒙古工业大学,佳木斯大学,中国矿业大学,常州大学,河海大学,江南大学,浙江理工大学,中国计量大学,安徽大学,南昌航空大学,中国海洋大学,海南大学,,,,,,,,,,,,,
805,材料科学与工程,C,深圳大学,桂林电子科技大学,桂林理工大学,西南石油大学,,,,,,,,,,,,,,,,,,,,,,,
805,材料科学与工程,C-,北京印刷学院,华北理工大学,沈阳理工大学,辽宁科技大学,沈阳化工大学,沈阳建筑大学,江西理工大学,山东科技大学,河南理工大学,湖北工业大学,暨南大学,广西大学,长安大学,上海工程技术大学,安徽建筑大学,沈阳大学,重庆理工大学,海军工程大学,,,,,,,,,
806,冶金工程,A+,北京科技大学,中南大学,,,,,,,,,,,,,,,,,,,,,,,,,
806,冶金工程,B+,东北大学,昆明理工大学,,,,,,,,,,,,,,,,,,,,,,,,,
806,冶金工程,B,上海大学,武汉科技大学,,,,,,,,,,,,,,,,,,,,,,,,,
806,冶金工程,B-,内蒙古科技大学,重庆大学,,,,,,,,,,,,,,,,,,,,,,,,,
806,冶金工程,C+,华北理工大学,江西理工大学,,,,,,,,,,,,,,,,,,,,,,,,,
806,冶金工程,C,安徽工业大学,西安建筑科技大学,,,,,,,,,,,,,,,,,,,,,,,,,
806,冶金工程,C-,辽宁科技大学,贵州大学,,,,,,,,,,,,,,,,,,,,,,,,,
807,动力工程及工程热物理,A+,清华大学,西安交通大学,,,,,,,,,,,,,,,,,,,,,,,,,
807,动力工程及工程热物理,A,上海交通大学,浙江大学,,,,,,,,,,,,,,,,,,,,,,,,,
807,动力工程及工程热物理,A-,天津大学,华北电力大学,哈尔滨工业大学,华中科技大学,,,,,,,,,,,,,,,,,,,,,,,
807,动力工程及工程热物理,B+,北京航空航天大学,北京理工大学,大连理工大学,哈尔滨工程大学,华东理工大学,上海理工大学,东南大学,江苏大学,中国科学技术大学,,,,,,,,,,,,,,,,,,
807,动力工程及工程热物理,B,北京科技大学,同济大学,南京航空航天大学,南京工业大学,山东大学,重庆大学,中国石油大学,海军工程大学,,,,,,,,,,,,,,,,,,,
807,动力工程及工程热物理,B-,北京工业大学,北京化工大学,东北大学,吉林大学,东北电力大学,武汉大学,中南大学,西北工业大学,,,,,,,,,,,,,,,,,,,
807,动力工程及工程热物理,C+,上海电力大学,南京理工大学,浙江工业大学,青岛科技大学,郑州大学,武汉理工大学,华南理工大学,四川大学,兰州理工大学,,,,,,,,,,,,,,,,,,
807,动力工程及工程热物理,C,北京交通大学,河北工业大学,内蒙古工业大学,沈阳航空航天大学,东北石油大学,中国矿业大学,长沙理工大学,西华大学,,,,,,,,,,,,,,,,,,,
807,动力工程及工程热物理,C-,天津商业大学,华北水利水电大学,太原理工大学,辽宁石油化工大学,沈阳化工大学,河海大学,合肥工业大学,武汉工程大学,昆明理工大学,,,,,,,,,,,,,,,,,,
808,电气工程,A+,清华大学,西安交通大学,,,,,,,,,,,,,,,,,,,,,,,,,
808,电气工程,A,华北电力大学,华中科技大学,,,,,,,,,,,,,,,,,,,,,,,,,
808,电气工程,A-,哈尔滨工业大学,浙江大学,重庆大学,海军工程大学,,,,,,,,,,,,,,,,,,,,,,,
808,电气工程,B+,天津大学,沈阳工业大学,上海交通大学,东南大学,南京航空航天大学,山东大学,湖南大学,西南交通大学,,,,,,,,,,,,,,,,,,,
808,电气工程,B,北京交通大学,河北工业大学,东北电力大学,哈尔滨理工大学,中国矿业大学,合肥工业大学,武汉大学,华南理工大学,西北工业大学,,,,,,,,,,,,,,,,,,
808,电气工程,B-,太原理工大学,大连理工大学,上海电力大学,河海大学,福州大学,长沙理工大学,四川大学,三峡大学,,,,,,,,,,,,,,,,,,,
808,电气工程,C+,北京航空航天大学,东北大学,燕山大学,同济大学,上海海事大学,上海大学,江苏大学,广西大学,西安理工大学,新疆大学,,,,,,,,,,,,,,,,,
808,电气工程,C,辽宁工程技术大学,南京理工大学,山东理工大学,郑州大学,郑州轻工业学院,中南大学,电子科技大学,,,,,,,,,,,,,,,,,,,,
808,电气工程,C-,中国农业大学,天津理工大学,哈尔滨工程大学,黑龙江科技大学,上海理工大学,山东科技大学,河南理工大学,湖南工业大学,,,,,,,,,,,,,,,,,,,
809,电子科学与技术,A+,电子科技大学,西安电子科技大学,,,,,,,,,,,,,,,,,,,,,,,,,
809,电子科学与技术,A,北京大学,清华大学,东南大学,,,,,,,,,,,,,,,,,,,,,,,,
809,电子科学与技术,A-,北京邮电大学,复旦大学,上海交通大学,南京大学,浙江大学,西安交通大学,,,,,,,,,,,,,,,,,,,,,
809,电子科学与技术,B+,北京航空航天大学,北京理工大学,天津大学,吉林大学,南京邮电大学,杭州电子科技大学,华中科技大学,西北工业大学,国防科技大学,空军工程大学,,,,,,,,,,,,,,,,,
809,电子科学与技术,B,北京工业大学,南开大学,哈尔滨工业大学,华东师范大学,南京理工大学,中国科学技术大学,厦门大学,武汉大学,中山大学,华南理工大学,,,,,,,,,,,,,,,,,
809,电子科学与技术,B-,北京交通大学,大连理工大学,安徽大学,合肥工业大学,福州大学,山东大学,湖南大学,重庆大学,西南交通大学,西安理工大学,解放军理工大学,,,,,,,,,,,,,,,,
809,电子科学与技术,C+,中国传媒大学,河北工业大学,太原理工大学,长春理工大学,黑龙江大学,燕山大学,上海大学,中南大学,,,,,,,,,,,,,,,,,,,
809,电子科学与技术,C+,重庆邮电大学,兰州大学,解放军信息工程大学,,,,,,,,,,,,,,,,,,,,,,,,
809,电子科学与技术,C,天津工业大学,天津理工大学,南京航空航天大学,湖北大学,长沙理工大学,桂林电子科技大学,四川大学,贵州大学,西安邮电大学,海军航空工程学院,,,,,,,,,,,,,,,,,
809,电子科学与技术,C-,北方工业大学,河北大学,华北电力大学,中北大学,哈尔滨工程大学,苏州大学,中国计量大学,郑州大学,武汉理工大学,深圳大学,西北大学,,,,,,,,,,,,,,,,
810,信息与通信工程,A+,北京邮电大学,电子科技大学,,,,,,,,,,,,,,,,,,,,,,,,,
810,信息与通信工程,A,清华大学,上海交通大学,西安电子科技大学,国防科技大学,,,,,,,,,,,,,,,,,,,,,,,
810,信息与通信工程,A-,北京交通大学,北京航空航天大学,北京理工大学,哈尔滨工业大学,东南大学,解放军信息工程大学,解放军理工大学,,,,,,,,,,,,,,,,,,,,
810,信息与通信工程,B+,北京大学,天津大学,大连理工大学,哈尔滨工程大学,南京邮电大学,浙江大学,中国科学技术大学,华中科技大学,华南理工大学,西南交通大学,重庆邮电大学,西安交通大学,海军航空工程学院,空军工程大学,,,,,,,,,,,,,
810,信息与通信工程,B,中国传媒大学,中北大学,东北大学,上海大学,南京大学,南京航空航天大学,南京理工大学,厦门大学,山东大学,武汉大学,武汉理工大学,深圳大学,四川大学,西北工业大学,,,,,,,,,,,,,
810,信息与通信工程,B-,大连海事大学,吉林大学,苏州大学,中国矿业大学,河海大学,合肥工业大学,中山大学,桂林电子科技大学,重庆大学,,,,,,,,,,,,,,,,,,
810,信息与通信工程,B-,宁波大学,西安邮电大学,装备学院,海军工程大学,,,,,,,,,,,,,,,,,,,,,,,
810,信息与通信工程,C+,北京工业大学,北京科技大学,华北电力大学,长春理工大学,同济大学,华东师范大学,南京信息工程大学,南通大学,福州大学,郑州大学,湖南大学,海南大学,成都信息工程大学,云南大学,,,,,,,,,,,,,
810,信息与通信工程,C,南开大学,天津工业大学,中国民航大学,黑龙江大学,复旦大学,上海海事大学,杭州电子科技大学,浙江工业大学,浙江工商大学,南昌大学,华东交通大学,中国海洋大学,中南大学,暨南大学,,,,,,,,,,,,,
810,信息与通信工程,C-,天津理工大学,沈阳航空航天大学,燕山大学,东华大学,山东科技大学,中国地质大学,西北大学,西安理工大学,西安科技大学,兰州大学,兰州交通大学,广东工业大学,火箭军工程大学,,,,,,,,,,,,,,
811,控制科学与工程,A+,清华大学,哈尔滨工业大学,浙江大学,,,,,,,,,,,,,,,,,,,,,,,,
811,控制科学与工程,A,北京航空航天大学,北京理工大学,东北大学,上海交通大学,国防科技大学,,,,,,,,,,,,,,,,,,,,,,
811,控制科学与工程,A-,哈尔滨工程大学,东南大学,山东大学,华中科技大学,中南大学,西安交通大学,广东工业大学,火箭军工程大学,,,,,,,,,,,,,,,,,,,
811,控制科学与工程,B+,北京工业大学,北京科技大学,北京化工大学,天津大学,大连理工大学,同济大学,华东理工大学,南京航空航天大学,南京理工大学,江南大学,杭州电子科技大学,中国科学技术大学,华南理工大学,西北工业大学,西安理工大学,西安电子科技大学,,,,,,,,,,,
811,控制科学与工程,B,南开大学,华北电力大学,吉林大学,燕山大学,东华大学,上海大学,江苏大学,浙江工业大学,山东科技大学,武汉科技大学,湖南大学,重庆大学,电子科技大学,海军工程大学,海军航空工程学院,空军工程大学,,,,,,,,,,,
811,控制科学与工程,B-,北京交通大学,北京邮电大学,,,,,,,,,,,,,,,,,,,,,,,,,
811,控制科学与工程,B-,河北工业大学,大连海事大学,中国矿业大学,中国计量大学,合肥工业大学,厦门大学,华东交通大学,河南科技大学,武汉大学,西南交通大学,重庆邮电大学,兰州理工大学,中国石油大学,解放军信息工程大学,,,,,,,,,,,,,
811,控制科学与工程,C+,北方工业大学,天津工业大学,中国民航大学,天津理工大学,山西大学,辽宁石油化工大学,辽宁工业大学,东北电力大学,哈尔滨理工大学,上海理工大学,南京工业大学,南京邮电大学,安徽大学,安徽工程大学,郑州大学,中国地质大学,武汉理工大学,西南科技大学,,,,,,,,,
811,控制科学与工程,C,北京建筑大学,辽宁科技大学,大连工业大学,渤海大学,长春工业大学,南京大学,江苏科技大学,河海大学,青岛科技大学,济南大学,曲阜师范大学,河南理工大学,四川大学,西安工程大学,青岛大学,,,,,,,,,,,,
811,控制科学与工程,C-,北京工商大学,天津职业技术师范大学,太原科技大学,,,,,,,,,,,,,,,,,,,,,,,,
811,控制科学与工程,C-,太原理工大学,沈阳航空航天大学,沈阳化工大学,长春理工大学,黑龙江大学,南通大学,浙江理工大学,中国海洋大学,山东建筑大学,湖南科技大学,深圳大学,昆明理工大学,西安工业大学,陕西科技大学,北京信息科技大学,,,,,,,,,,,,
812,计算机科学与技术,A+,北京大学,清华大学,浙江大学,国防科技大学,,,,,,,,,,,,,,,,,,,,,,,
812,计算机科学与技术,A,北京航空航天大学,北京邮电大学,哈尔滨工业大学,上海交通大学,南京大学,华中科技大学,电子科技大学,,,,,,,,,,,,,,,,,,,,
812,计算机科学与技术,A-,北京交通大学,北京理工大学,东北大学,吉林大学,同济大学,中国科学技术大学,武汉大学,中南大学,西安交通大学,西北工业大学,西安电子科技大学,解放军信息工程大学,,,,,,,,,,,,,,,
812,计算机科学与技术,B+,中国人民大学,北京工业大学,北京科技大学,南开大学,天津大学,大连理工大学,哈尔滨工程大学,复旦大学,华东师范大学,东南大学,南京航空航天大学,南京理工大学,杭州电子科技大学,合肥工业大学,厦门大学,山东大学,湖南大学,中山大学,华南理工大学,四川大学,重庆大学,西南交通大学,重庆邮电大学,解放军理工大学,,,
812,计算机科学与技术,B,北京师范大学,天津理工大学,山西大学,,,,,,,,,,,,,,,,,,,,,,,,
812,计算机科学与技术,B,大连海事大学,长春理工大学,哈尔滨理工大学,燕山大学,华东理工大学,上海大学,苏州大学,中国矿业大学,河海大学,江苏大学,南京信息工程大学,浙江工业大学,安徽大学,中国海洋大学,中国地质大学,武汉理工大学,暨南大学,深圳大学,西南大学,兰州大学,火箭军工程大学,,,,,,
812,计算机科学与技术,B-,北方工业大学,中国农业大学,首都师范大学,天津工业大学,华北电力大学,太原理工大学,内蒙古大学,沈阳航空航天大学,东华大学,南京邮电大学,江南大学,浙江工商大学,福州大学,山东科技大学,济南大学,华中师范大学,广西大学,桂林电子科技大学,云南大学,西北大学,青海师范大学,新疆大学,中国石油大学,空军工程大学,,,
812,计算机科学与技术,C+,北京化工大学,北京语言大学,中国传媒大学,中国民航大学,河北大学,,,,,,,,,,,,,,,,,,,,,,
812,计算机科学与技术,C+,河北工业大学,沈阳建筑大学,辽宁师范大学,上海理工大学,上海海洋大学,常州大学,浙江理工大学,浙江师范大学,温州大学,福建师范大学,南昌大学,郑州大学,武汉科技大学,湖南科技大学,广西师范大学,成都信息工程大学,贵州大学,昆明理工大学,长安大学,青岛大学,西安邮电大学,,,,,,
812,计算机科学与技术,C,北京工商大学,河北工程大学,石家庄铁道大学,中北大学,东北电力大学,长春工业大学,上海师范大学,安徽工业大学,江西师范大学,山东财经大学,河南理工大学,郑州轻工业学院,湘潭大学,华南农业大学,西安理工大学,西安工业大学,西北农林科技大学,三峡大学,扬州大学,大连大学,广东工业大学,,,,,,
812,计算机科学与技术,C-,中央民族大学,沈阳理工大学,黑龙江大学,上海海事大学,江苏科技大学,华侨大学,东华理工大学,江西理工大学,,,,,,,,,,,,,,,,,,,
812,计算机科学与技术,C-,江西财经大学,河南工业大学,河南大学,河南师范大学,武汉工程大学,武汉纺织大学,湖北工业大学,长沙理工大学,海南大学,桂林理工大学,西南石油大学,重庆交通大学,西华大学,西南财经大学,西安石油大学,北京信息科技大学,湖南工业大学,海军航空工程学院,,,,,,,,,
813,建筑学,A+,清华大学,东南大学,,,,,,,,,,,,,,,,,,,,,,,,,
813,建筑学,A-,天津大学,同济大学,华南理工大学,,,,,,,,,,,,,,,,,,,,,,,,
813,建筑学,B+,哈尔滨工业大学,浙江大学,华中科技大学,重庆大学,西安建筑科技大学,,,,,,,,,,,,,,,,,,,,,,
813,建筑学,B,北京建筑大学,大连理工大学,沈阳建筑大学,南京大学,武汉大学,湖南大学,,,,,,,,,,,,,,,,,,,,,
813,建筑学,B-,北京工业大学,合肥工业大学,山东建筑大学,深圳大学,西南交通大学,,,,,,,,,,,,,,,,,,,,,,
813,建筑学,C+,中央美术学院,上海交通大学,厦门大学,华侨大学,青岛理工大学,昆明理工大学,安徽建筑大学,,,,,,,,,,,,,,,,,,,,
813,建筑学,C,北京交通大学,吉林建筑大学,南京工业大学,福州大学,,,,,,,,,,,,,,,,,,,,,,,
813,建筑学,C-,内蒙古工业大学,苏州科技大学,郑州大学,西安交通大学,长安大学,,,,,,,,,,,,,,,,,,,,,,
814,土木工程,A+,同济大学,东南大学,,,,,,,,,,,,,,,,,,,,,,,,,
814,土木工程,A,清华大学,北京工业大学,哈尔滨工业大学,浙江大学,,,,,,,,,,,,,,,,,,,,,,,
814,土木工程,A-,天津大学,大连理工大学,河海大学,湖南大学,中南大学,西南交通大学,解放军理工大学,,,,,,,,,,,,,,,,,,,,
814,土木工程,B+,北京交通大学,石家庄铁道大学,沈阳建筑大学,上海交通大学,中国矿业大学,山东大学,武汉大学,华中科技大学,长沙理工大学,华南理工大学,重庆大学,西安建筑科技大学,广州大学,,,,,,,,,,,,,,
814,土木工程,B,北京科技大学,北京建筑大学,南京工业大学,合肥工业大学,福州大学,青岛理工大学,郑州大学,中国地质大学,武汉理工大学,四川大学,重庆交通大学,长安大学,兰州理工大学,兰州交通大学,,,,,,,,,,,,,
814,土木工程,B-,太原理工大学,东北大学,上海大学,苏州科技大学,安徽理工大学,华侨大学,山东科技大学,山东建筑大学,广西大学,成都理工大学,,,,,,,,,,,,,,,,,
814,土木工程,B-,西安理工大学,西安科技大学,三峡大学,,,,,,,,,,,,,,,,,,,,,,,,
814,土木工程,C+,北京航空航天大学,河北工业大学,辽宁工程技术大学,东华大学,浙江工业大学,华东交通大学,湖北工业大学,湖南科技大学,深圳大学,昆明理工大学,西安交通大学,天津城建大学,安徽建筑大学,广东工业大学,,,,,,,,,,,,,
814,土木工程,C,北方工业大学,华北水利水电大学,吉林大学,吉林建筑大学,哈尔滨工程大学,上海理工大学,南京航空航天大学,南京林业大学,厦门大学,中南林业科技大学,汕头大学,桂林理工大学,贵州大学,宁波大学,,,,,,,,,,,,,
814,土木工程,C-,中国农业大学,内蒙古工业大学,东北电力大学,燕山大学,南京理工大学,中国海洋大学,济南大学,河南理工大学,武汉科技大学,南华大学,西北工业大学,烟台大学,扬州大学,,,,,,,,,,,,,,
815,水利工程,A+,清华大学,河海大学,,,,,,,,,,,,,,,,,,,,,,,,,
815,水利工程,A-,天津大学,武汉大学,,,,,,,,,,,,,,,,,,,,,,,,,
815,水利工程,B+,中国农业大学,大连理工大学,郑州大学,四川大学,西安理工大学,,,,,,,,,,,,,,,,,,,,,,
815,水利工程,B,华北水利水电大学,中国海洋大学,华中科技大学,中国地质大学,重庆交通大学,,,,,,,,,,,,,,,,,,,,,,
815,水利工程,B-,吉林大学,南京大学,长沙理工大学,西北农林科技大学,三峡大学,,,,,,,,,,,,,,,,,,,,,,
815,水利工程,C+,北京师范大学,太原理工大学,宁夏大学,新疆农业大学,扬州大学,,,,,,,,,,,,,,,,,,,,,,
815,水利工程,C,华北电力大学,内蒙古农业大学,同济大学,中山大学,长安大学,,,,,,,,,,,,,,,,,,,,,,
815,水利工程,C-,北京工业大学,合肥工业大学,南昌大学,山东大学,华南理工大学,,,,,,,,,,,,,,,,,,,,,,
816,测绘科学与技术,A+,武汉大学,解放军信息工程大学,,,,,,,,,,,,,,,,,,,,,,,,,
816,测绘科学与技术,A-,中国矿业大学,,,,,,,,,,,,,,,,,,,,,,,,,,
816,测绘科学与技术,B+,北京大学,同济大学,中南大学,,,,,,,,,,,,,,,,,,,,,,,,
816,测绘科学与技术,B,山东科技大学,中国地质大学,西南交通大学,长安大学,,,,,,,,,,,,,,,,,,,,,,,
816,测绘科学与技术,B-,辽宁工程技术大学,河海大学,河南理工大学,,,,,,,,,,,,,,,,,,,,,,,,
816,测绘科学与技术,C+,北京建筑大学,北京师范大学,东南大学,西安科技大学,,,,,,,,,,,,,,,,,,,,,,,
816,测绘科学与技术,C,东北大学,东华理工大学,中国石油大学,,,,,,,,,,,,,,,,,,,,,,,,
816,测绘科学与技术,C-,江西理工大学,桂林理工大学,昆明理工大学,,,,,,,,,,,,,,,,,,,,,,,,
817,化学工程与技术,A+,天津大学,华东理工大学,,,,,,,,,,,,,,,,,,,,,,,,,
817,化学工程与技术,A,清华大学,北京化工大学,大连理工大学,南京工业大学,浙江大学,,,,,,,,,,,,,,,,,,,,,,
817,化学工程与技术,A-,北京理工大学,哈尔滨工业大学,南京理工大学,浙江工业大学,华南理工大学,四川大学,中国石油大学,,,,,,,,,,,,,,,,,,,,
817,化学工程与技术,B+,河北工业大学,太原理工大学,上海交通大学,东南大学,中国矿业大学,江南大学,厦门大学,青岛科技大学,郑州大学,武汉工程大学,中南大学,重庆大学,西南石油大学,西北大学,西安交通大学,,,,,,,,,,,,
817,化学工程与技术,B,北京工业大学,辽宁石油化工大学,沈阳化工大学,燕山大学,东北石油大学,苏州大学,合肥工业大学,福州大学,济南大学,武汉科技大学,湘潭大学,湖南大学,广西大学,陕西科技大学,广东工业大学,,,,,,,,,,,,
817,化学工程与技术,B-,山西大学,中北大学,内蒙古工业大学,辽宁科技大学,吉林大学,长春工业大学,,,,,,,,,,,,,,,,,,,,,
817,化学工程与技术,B-,哈尔滨工程大学,上海应用技术大学,常州大学,华侨大学,南昌大学,山东理工大学,新疆大学,石河子大学,,,,,,,,,,,,,,,,,,,
817,化学工程与技术,C+,北京工商大学,天津科技大学,天津工业大学,天津理工大学,河北科技大学,沈阳工业大学,上海电力大学,上海大学,江苏大学,安徽工业大学,山东大学,郑州轻工业学院,武汉理工大学,海南大学,,,,,,,,,,,,,
817,化学工程与技术,C,华北理工大学,东北电力大学,东华大学,南京林业大学,安徽理工大学,中国海洋大学,山东科技大学,中山大学,贵州大学,昆明理工大学,西安石油大学,兰州大学,兰州理工大学,江汉大学,,,,,,,,,,,,,
817,化学工程与技术,C-,北京科技大学,东北大学,大连工业大学,沈阳师范大学,黑龙江大学,哈尔滨理工大学,上海师范大学,齐鲁工业大学,河南大学,华南农业大学,电子科技大学,成都理工大学,四川理工学院,西北农林科技大学,,,,,,,,,,,,,
817,化学工程与技术,C-,兰州交通大学,青岛大学,,,,,,,,,,,,,,,,,,,,,,,,,
818,地质资源与地质工程,A+,中国地质大学,中国石油大学,,,,,,,,,,,,,,,,,,,,,,,,,
818,地质资源与地质工程,A-,中国矿业大学,,,,,,,,,,,,,,,,,,,,,,,,,,
818,地质资源与地质工程,B+,吉林大学,中南大学,成都理工大学,长安大学,,,,,,,,,,,,,,,,,,,,,,,
818,地质资源与地质工程,B,同济大学,南京大学,西南石油大学,西北大学,,,,,,,,,,,,,,,,,,,,,,,
818,地质资源与地质工程,B-,东北石油大学,河海大学,山东科技大学,长江大学,,,,,,,,,,,,,,,,,,,,,,,
818,地质资源与地质工程,C+,华北水利水电大学,河南理工大学,西南交通大学,西安科技大学,,,,,,,,,,,,,,,,,,,,,,,
818,地质资源与地质工程,C,东华理工大学,桂林理工大学,昆明理工大学,,,,,,,,,,,,,,,,,,,,,,,,
818,地质资源与地质工程,C-,太原理工大学,东北大学,安徽理工大学,中国海洋大学,,,,,,,,,,,,,,,,,,,,,,,
819,矿业工程,A+,中国矿业大学,中南大学,,,,,,,,,,,,,,,,,,,,,,,,,
819,矿业工程,B+,北京科技大学,东北大学,重庆大学,,,,,,,,,,,,,,,,,,,,,,,,
819,矿业工程,B,太原理工大学,山东科技大学,河南理工大学,,,,,,,,,,,,,,,,,,,,,,,,
819,矿业工程,B-,辽宁工程技术大学,安徽理工大学,武汉理工大学,,,,,,,,,,,,,,,,,,,,,,,,
819,矿业工程,C+,武汉科技大学,昆明理工大学,西安科技大学,,,,,,,,,,,,,,,,,,,,,,,,
819,矿业工程,C,江西理工大学,南华大学,,,,,,,,,,,,,,,,,,,,,,,,,
819,矿业工程,C-,华北理工大学,内蒙古科技大学,湖南科技大学,,,,,,,,,,,,,,,,,,,,,,,,
820,石油与天然气工程,A+,西南石油大学,中国石油大学,,,,,,,,,,,,,,,,,,,,,,,,,
820,石油与天然气工程,B,东北石油大学,,,,,,,,,,,,,,,,,,,,,,,,,,
820,石油与天然气工程,B-,中国地质大学,,,,,,,,,,,,,,,,,,,,,,,,,,
820,石油与天然气工程,C+,长江大学,,,,,,,,,,,,,,,,,,,,,,,,,,
820,石油与天然气工程,C,西安石油大学,,,,,,,,,,,,,,,,,,,,,,,,,,
820,石油与天然气工程,C-,成都理工大学,,,,,,,,,,,,,,,,,,,,,,,,,,
821,纺织科学与工程,A+,天津工业大学,东华大学,,,,,,,,,,,,,,,,,,,,,,,,,
821,纺织科学与工程,B+,苏州大学,,,,,,,,,,,,,,,,,,,,,,,,,,
821,纺织科学与工程,B,江南大学,浙江理工大学,,,,,,,,,,,,,,,,,,,,,,,,,
821,纺织科学与工程,B-,武汉纺织大学,,,,,,,,,,,,,,,,,,,,,,,,,,
821,纺织科学与工程,C+,西安工程大学,青岛大学,,,,,,,,,,,,,,,,,,,,,,,,,
821,纺织科学与工程,C,大连工业大学,中原工学院,,,,,,,,,,,,,,,,,,,,,,,,,
821,纺织科学与工程,C-,四川大学,,,,,,,,,,,,,,,,,,,,,,,,,,
822,轻工技术与工程,A+,江南大学,华南理工大学,,,,,,,,,,,,,,,,,,,,,,,,,
822,轻工技术与工程,B+,天津科技大学,陕西科技大学,,,,,,,,,,,,,,,,,,,,,,,,,
822,轻工技术与工程,B,大连工业大学,南京工业大学,四川大学,,,,,,,,,,,,,,,,,,,,,,,,
822,轻工技术与工程,B-,齐鲁工业大学,湖北工业大学,,,,,,,,,,,,,,,,,,,,,,,,,
822,轻工技术与工程,C+,南京林业大学,武汉大学,广西大学,,,,,,,,,,,,,,,,,,,,,,,,
822,轻工技术与工程,C,北京化工大学,华中农业大学,,,,,,,,,,,,,,,,,,,,,,,,,
822,轻工技术与工程,C-,西安理工大学,西北农林科技大学,,,,,,,,,,,,,,,,,,,,,,,,,
823,交通运输工程,A+,东南大学,西南交通大学,,,,,,,,,,,,,,,,,,,,,,,,,
823,交通运输工程,A-,北京交通大学,北京航空航天大学,同济大学,,,,,,,,,,,,,,,,,,,,,,,,
823,交通运输工程,B+,大连海事大学,哈尔滨工业大学,武汉理工大学,中南大学,长安大学,,,,,,,,,,,,,,,,,,,,,,
823,交通运输工程,B,吉林大学,上海海事大学,南京航空航天大学,长沙理工大学,重庆交通大学,兰州交通大学,,,,,,,,,,,,,,,,,,,,,
823,交通运输工程,B-,北京工业大学,华东交通大学,华南理工大学,西北工业大学,,,,,,,,,,,,,,,,,,,,,,,
823,交通运输工程,C+,中国民航大学,石家庄铁道大学,东北林业大学,上海交通大学,江苏大学,空军工程大学,,,,,,,,,,,,,,,,,,,,,
823,交通运输工程,C,北京建筑大学,大连理工大学,大连交通大学,湖南大学,中山大学,,,,,,,,,,,,,,,,,,,,,,
823,交通运输工程,C-,清华大学,上海理工大学,河海大学,南京林业大学,昆明理工大学,,,,,,,,,,,,,,,,,,,,,,
824,船舶与海洋工程,A+,哈尔滨工程大学,上海交通大学,,,,,,,,,,,,,,,,,,,,,,,,,
824,船舶与海洋工程,B+,海军工程大学,,,,,,,,,,,,,,,,,,,,,,,,,,
824,船舶与海洋工程,B,天津大学,大连海事大学,,,,,,,,,,,,,,,,,,,,,,,,,
824,船舶与海洋工程,B-,武汉理工大学,西北工业大学,,,,,,,,,,,,,,,,,,,,,,,,,
824,船舶与海洋工程,C+,大连理工大学,华中科技大学,,,,,,,,,,,,,,,,,,,,,,,,,
824,船舶与海洋工程,C,江苏科技大学,,,,,,,,,,,,,,,,,,,,,,,,,,
824,船舶与海洋工程,C-,上海海事大学,浙江大学,,,,,,,,,,,,,,,,,,,,,,,,,
825,航空宇航科学与技术,A+,北京航空航天大学,西北工业大学,,,,,,,,,,,,,,,,,,,,,,,,,
825,航空宇航科学与技术,B+,哈尔滨工业大学,南京航空航天大学,国防科技大学,,,,,,,,,,,,,,,,,,,,,,,,
825,航空宇航科学与技术,B,北京理工大学,空军工程大学,,,,,,,,,,,,,,,,,,,,,,,,,
825,航空宇航科学与技术,B-,清华大学,沈阳航空航天大学,海军航空工程学院,,,,,,,,,,,,,,,,,,,,,,,,
825,航空宇航科学与技术,C+,上海交通大学,火箭军工程大学,,,,,,,,,,,,,,,,,,,,,,,,,
825,航空宇航科学与技术,C,南京理工大学,西安交通大学,装备学院,,,,,,,,,,,,,,,,,,,,,,,,
825,航空宇航科学与技术,C-,中国民航大学,浙江大学,,,,,,,,,,,,,,,,,,,,,,,,,
826,兵器科学与技术,A+,北京理工大学,南京理工大学,,,,,,,,,,,,,,,,,,,,,,,,,
826,兵器科学与技术,B,西北工业大学,,,,,,,,,,,,,,,,,,,,,,,,,,
826,兵器科学与技术,B-,空军工程大学,火箭军工程大学,,,,,,,,,,,,,,,,,,,,,,,,,
826,兵器科学与技术,C+,解放军理工大学,,,,,,,,,,,,,,,,,,,,,,,,,,
826,兵器科学与技术,C,装备学院,,,,,,,,,,,,,,,,,,,,,,,,,,
826,兵器科学与技术,C-,中北大学,海军工程大学,,,,,,,,,,,,,,,,,,,,,,,,,
827,核科学与技术,A+,清华大学,中国科学技术大学,,,,,,,,,,,,,,,,,,,,,,,,,
827,核科学与技术,B+,北京大学,哈尔滨工程大学,西安交通大学,,,,,,,,,,,,,,,,,,,,,,,,
827,核科学与技术,B,上海交通大学,,,,,,,,,,,,,,,,,,,,,,,,,,
827,核科学与技术,B-,南华大学,四川大学,,,,,,,,,,,,,,,,,,,,,,,,,
827,核科学与技术,C+,兰州大学,海军工程大学,,,,,,,,,,,,,,,,,,,,,,,,,
827,核科学与技术,C,北京师范大学,东华理工大学,,,,,,,,,,,,,,,,,,,,,,,,,
827,核科学与技术,C-,南京航空航天大学,成都理工大学,,,,,,,,,,,,,,,,,,,,,,,,,
828,农业工程,A+,中国农业大学,浙江大学,,,,,,,,,,,,,,,,,,,,,,,,,
828,农业工程,A-,江苏大学,,,,,,,,,,,,,,,,,,,,,,,,,,
828,农业工程,B+,吉林大学,东北农业大学,华南农业大学,西北农林科技大学,,,,,,,,,,,,,,,,,,,,,,,
828,农业工程,B,河海大学,南京农业大学,河南农业大学,华中农业大学,,,,,,,,,,,,,,,,,,,,,,,
828,农业工程,B-,内蒙古农业大学,沈阳农业大学,石河子大学,,,,,,,,,,,,,,,,,,,,,,,,
828,农业工程,C+,黑龙江八一农垦大学,山东理工大学,西南大学,云南师范大学,,,,,,,,,,,,,,,,,,,,,,,
828,农业工程,C,河北农业大学,青岛农业大学,甘肃农业大学,扬州大学,,,,,,,,,,,,,,,,,,,,,,,
828,农业工程,C-,华北水利水电大学,云南农业大学,西安理工大学,,,,,,,,,,,,,,,,,,,,,,,,
829,林业工程,A+,东北林业大学,南京林业大学,,,,,,,,,,,,,,,,,,,,,,,,,
829,林业工程,B,北京林业大学,,,,,,,,,,,,,,,,,,,,,,,,,,
829,林业工程,B-,福建农林大学,中南林业科技大学,,,,,,,,,,,,,,,,,,,,,,,,,
829,林业工程,C+,浙江农林大学,,,,,,,,,,,,,,,,,,,,,,,,,,
829,林业工程,C,西南林业大学,,,,,,,,,,,,,,,,,,,,,,,,,,
829,林业工程,C-,内蒙古农业大学,北华大学,,,,,,,,,,,,,,,,,,,,,,,,,
830,环境科学与工程,A+,清华大学,哈尔滨工业大学,同济大学,,,,,,,,,,,,,,,,,,,,,,,,
830,环境科学与工程,A,北京大学,北京师范大学,南京大学,浙江大学,,,,,,,,,,,,,,,,,,,,,,,
830,环境科学与工程,A-,北京工业大学,南开大学,天津大学,大连理工大学,上海交通大学,河海大学,中国科学技术大学,华南理工大学,,,,,,,,,,,,,,,,,,,
830,环境科学与工程,B+,北京科技大学,复旦大学,华东理工大学,东南大学,厦门大学,山东大学,中国海洋大学,武汉大学,华中科技大学,中国地质大学,湖南大学,中山大学,四川大学,重庆大学,昆明理工大学,西安建筑科技大学,,,,,,,,,,,
830,环境科学与工程,B,北京化工大学,中国农业大学,山西大学,大连海事大学,吉林大学,东华大学,华东师范大学,上海大学,南京理工大学,中国矿业大学,江苏大学,浙江工业大学,武汉理工大学,桂林理工大学,兰州交通大学,,,,,,,,,,,,
830,环境科学与工程,B-,北京航空航天大学,北京林业大学,华北电力大学,太原理工大学,,,,,,,,,,,,,,,,,,,,,,,
830,环境科学与工程,B-,上海师范大学,江南大学,南京信息工程大学,南昌大学,南昌航空大学,河南师范大学,中南大学,西南科技大学,西安交通大学,西安理工大学,长安大学,西北农林科技大学,中国石油大学,,,,,,,,,,,,,,
830,环境科学与工程,C+,中国人民大学,北京建筑大学,天津工业大学,东北大学,南京工业大学,南京农业大学,苏州科技大学,合肥工业大学,安徽理工大学,济南大学,暨南大学,兰州大学,重庆工商大学,广东工业大学,,,,,,,,,,,,,
830,环境科学与工程,C,北京交通大学,北京工商大学,河北科技大学,上海理工大学,常州大学,南京林业大学,浙江工商大学,福州大学,青岛理工大学,郑州大学,武汉纺织大学,华中农业大学,湘潭大学,广西大学,西南交通大学,沈阳大学,,,,,,,,,,,
830,环境科学与工程,C-,天津科技大学,内蒙古大学,大连交通大学,吉林建筑大学,燕山大学,哈尔滨商业大学,上海海洋大学,,,,,,,,,,,,,,,,,,,,
830,环境科学与工程,C-,安徽大学,福建师范大学,青岛科技大学,中南林业科技大学,华南农业大学,广西师范大学,西南大学,西北大学,陕西科技大学,青岛大学,广州大学,,,,,,,,,,,,,,,,
831,生物医学工程,A+,东南大学,华中科技大学,,,,,,,,,,,,,,,,,,,,,,,,,
831,生物医学工程,A,上海交通大学,,,,,,,,,,,,,,,,,,,,,,,,,,
831,生物医学工程,A-,清华大学,北京航空航天大学,浙江大学,四川大学,,,,,,,,,,,,,,,,,,,,,,,
831,生物医学工程,B+,北京大学,天津大学,复旦大学,华南理工大学,重庆大学,电子科技大学,西安交通大学,,,,,,,,,,,,,,,,,,,,
831,生物医学工程,B,北京工业大学,北京理工大学,哈尔滨工业大学,上海理工大学,深圳大学,南方医科大学,第四军医大学,,,,,,,,,,,,,,,,,,,,
831,生物医学工程,B-,首都医科大学,大连理工大学,东北大学,哈尔滨医科大学,同济大学,中国科学技术大学,中山大学,暨南大学,,,,,,,,,,,,,,,,,,,
831,生物医学工程,C+,天津医科大学,南京大学,温州医科大学,山东大学,西北工业大学,西安电子科技大学,,,,,,,,,,,,,,,,,,,,,
831,生物医学工程,C,太原理工大学,苏州大学,厦门大学,武汉大学,西南交通大学,湖南工业大学,国防科技大学,,,,,,,,,,,,,,,,,,,,
831,生物医学工程,C-,北京邮电大学,河北工业大学,吉林大学,长春理工大学,哈尔滨工程大学,东华大学,南京航空航天大学,,,,,,,,,,,,,,,,,,,,
832,食品科学与工程,A+,中国农业大学,江南大学,,,,,,,,,,,,,,,,,,,,,,,,,
832,食品科学与工程,A,南昌大学,,,,,,,,,,,,,,,,,,,,,,,,,,
832,食品科学与工程,A-,南京农业大学,浙江大学,华中农业大学,华南理工大学,,,,,,,,,,,,,,,,,,,,,,,
832,食品科学与工程,B+,天津科技大学,大连工业大学,东北农业大学,上海海洋大学,江苏大学,中国海洋大学,华南农业大学,西北农林科技大学,,,,,,,,,,,,,,,,,,,
832,食品科学与工程,B,北京工商大学,内蒙古农业大学,沈阳农业大学,吉林大学,浙江工商大学,合肥工业大学,福建农林大学,西南大学,,,,,,,,,,,,,,,,,,,
832,食品科学与工程,B-,河北农业大学,吉林农业大学,哈尔滨商业大学,上海交通大学,南京财经大学,河南工业大学,武汉轻工大学,广东海洋大学,,,,,,,,,,,,,,,,,,,
832,食品科学与工程,C+,哈尔滨工业大学,黑龙江八一农垦大学,浙江工业大学,集美大学,郑州轻工业学院,河南农业大学,中南林业科技大学,暨南大学,四川大学,,,,,,,,,,,,,,,,,,
832,食品科学与工程,C,渤海大学,福州大学,河南科技大学,海南大学,西华大学,四川农业大学,云南农业大学,陕西科技大学,宁波大学,,,,,,,,,,,,,,,,,,
832,食品科学与工程,C-,上海理工大学,,,,,,,,,,,,,,,,,,,,,,,,,,
832,食品科学与工程,C-,安徽农业大学,青岛农业大学,长沙理工大学,甘肃农业大学,扬州大学,,,,,,,,,,,,,,,,,,,,,,
833,城乡规划学,A+,清华大学,同济大学,,,,,,,,,,,,,,,,,,,,,,,,,
833,城乡规划学,A-,天津大学,哈尔滨工业大学,东南大学,,,,,,,,,,,,,,,,,,,,,,,,
833,城乡规划学,B+,南京大学,华中科技大学,华南理工大学,重庆大学,西安建筑科技大学,,,,,,,,,,,,,,,,,,,,,,
833,城乡规划学,B,大连理工大学,沈阳建筑大学,苏州科技大学,武汉大学,湖南大学,,,,,,,,,,,,,,,,,,,,,,
833,城乡规划学,B-,北京建筑大学,山东建筑大学,深圳大学,长安大学,安徽建筑大学,,,,,,,,,,,,,,,,,,,,,,
833,城乡规划学,C+,南京工业大学,合肥工业大学,四川大学,西南交通大学,西北大学,,,,,,,,,,,,,,,,,,,,,,
833,城乡规划学,C,北京交通大学,北京工业大学,中国矿业大学,福州大学,天津城建大学,,,,,,,,,,,,,,,,,,,,,,
833,城乡规划学,C-,北京林业大学,吉林建筑大学,郑州大学,武汉理工大学,昆明理工大学,,,,,,,,,,,,,,,,,,,,,,
834,风景园林学,A+,清华大学,北京林业大学,,,,,,,,,,,,,,,,,,,,,,,,,
834,风景园林学,A-,同济大学,东南大学,南京林业大学,,,,,,,,,,,,,,,,,,,,,,,,
834,风景园林学,B+,天津大学,东北林业大学,福建农林大学,华中农业大学,华南理工大学,西安建筑科技大学,,,,,,,,,,,,,,,,,,,,,
834,风景园林学,B,哈尔滨工业大学,浙江农林大学,重庆大学,四川农业大学,西北农林科技大学,,,,,,,,,,,,,,,,,,,,,,
834,风景园林学,B-,沈阳建筑大学,上海交通大学,河南农业大学,华中科技大学,中南林业科技大学,华南农业大学,西南林业大学,,,,,,,,,,,,,,,,,,,,
834,风景园林学,C+,河北农业大学,东北农业大学,苏州大学,南京农业大学,西南大学,,,,,,,,,,,,,,,,,,,,,,
834,风景园林学,C,北京建筑大学,沈阳农业大学,北华大学,苏州科技大学,江西农业大学,四川大学,,,,,,,,,,,,,,,,,,,,,
834,风景园林学,C-,安徽农业大学,青岛理工大学,青岛农业大学,长江大学,海南大学,,,,,,,,,,,,,,,,,,,,,,
835,软件工程,A+,北京航空航天大学,浙江大学,国防科技大学,,,,,,,,,,,,,,,,,,,,,,,,
835,软件工程,A,北京大学,清华大学,华东师范大学,南京大学,武汉大学,,,,,,,,,,,,,,,,,,,,,,
835,软件工程,A-,天津大学,东北大学,哈尔滨工业大学,同济大学,上海交通大学,苏州大学,中国科学技术大学,四川大学,,,,,,,,,,,,,,,,,,,
835,软件工程,B+,北京交通大学,北京工业大学,北京理工大学,北京邮电大学,大连理工大学,吉林大学,复旦大学,东南大学,南京航空航天大学,山东大学,华南理工大学,重庆大学,电子科技大学,西北大学,西北工业大学,西安电子科技大学,解放军理工大学,,,,,,,,,,
835,软件工程,B,中国人民大学,南开大学,哈尔滨工程大学,南京理工大学,南京邮电大学,河海大学,江南大学,浙江工业大学,合肥工业大学,厦门大学,中国海洋大学,郑州大学,中国地质大学,中山大学,西安交通大学,解放军信息工程大学,,,,,,,,,,,
835,软件工程,B-,首都师范大学,,,,,,,,,,,,,,,,,,,,,,,,,,
835,软件工程,B-,天津理工大学,华北电力大学,燕山大学,东华大学,上海大学,浙江师范大学,安徽大学,福州大学,武汉理工大学,广西师范大学,西南交通大学,重庆邮电大学,西南大学,贵州大学,云南大学,大连大学,北京联合大学,,,,,,,,,,
835,软件工程,C+,天津工业大学,河北大学,山西大学,辽宁科技大学,哈尔滨理工大学,江苏大学,南京信息工程大学,杭州电子科技大学,浙江理工大学,南昌航空大学,广西大学,桂林电子科技大学,成都信息工程大学,新疆大学,广东工业大学,,,,,,,,,,,,
835,软件工程,C,北方工业大学,北京化工大学,辽宁工程技术大学,大连交通大学,大连海事大学,长春理工大学,上海理工大学,华侨大学,青岛科技大学,河南理工大学,郑州轻工业学院,武汉科技大学,华中师范大学,湘潭大学,南华大学,西南石油大学,陕西科技大学,青岛大学,,,,,,,,,
835,软件工程,C,西安邮电大学,,,,,,,,,,,,,,,,,,,,,,,,,,
835,软件工程,C-,太原理工大学,内蒙古大学,黑龙江大学,江苏科技大学,中国矿业大学,南京工业大学,南京财经大学,淮北师范大学,福建师范大学,聊城大学,湖南科技大学,桂林理工大学,西华大学,四川师范大学,昆明理工大学,长安大学,海军航空工程学院,,,,,,,,,,
837,安全科学与工程,A+,中国矿业大学,中国科学技术大学,,,,,,,,,,,,,,,,,,,,,,,,,
837,安全科学与工程,A-,河南理工大学,中南大学,西安科技大学,,,,,,,,,,,,,,,,,,,,,,,,
837,安全科学与工程,B+,清华大学,北京理工大学,北京科技大学,南京工业大学,中国石油大学,,,,,,,,,,,,,,,,,,,,,,
837,安全科学与工程,B,辽宁工程技术大学,安徽理工大学,山东科技大学,中国地质大学,重庆大学,,,,,,,,,,,,,,,,,,,,,,
837,安全科学与工程,B-,北京交通大学,太原理工大学,东北大学,武汉科技大学,武汉理工大学,,,,,,,,,,,,,,,,,,,,,,
837,安全科学与工程,C+,北京化工大学,中国民航大学,南京理工大学,湖南科技大学,南华大学,华南理工大学,,,,,,,,,,,,,,,,,,,,,
837,安全科学与工程,C,中北大学,大连理工大学,沈阳航空航天大学,黑龙江科技大学,华东理工大学,,,,,,,,,,,,,,,,,,,,,,
837,安全科学与工程,C-,辽宁石油化工大学,常州大学,青岛科技大学,郑州大学,昆明理工大学,,,,,,,,,,,,,,,,,,,,,,
901,作物学,A+,中国农业大学,南京农业大学,,,,,,,,,,,,,,,,,,,,,,,,,
901,作物学,A-,浙江大学,华中农业大学,,,,,,,,,,,,,,,,,,,,,,,,,
901,作物学,B+,山东农业大学,湖南农业大学,四川农业大学,西北农林科技大学,,,,,,,,,,,,,,,,,,,,,,,
901,作物学,B,沈阳农业大学,河南农业大学,华南农业大学,西南大学,扬州大学,,,,,,,,,,,,,,,,,,,,,,
901,作物学,B-,河北农业大学,吉林农业大学,东北农业大学,,,,,,,,,,,,,,,,,,,,,,,,
901,作物学,C+,山西农业大学,安徽农业大学,福建农林大学,云南农业大学,甘肃农业大学,,,,,,,,,,,,,,,,,,,,,,
901,作物学,C,江西农业大学,广西大学,青海大学,石河子大学,,,,,,,,,,,,,,,,,,,,,,,
901,作物学,C-,内蒙古农业大学,黑龙江八一农垦大学,长江大学,海南大学,,,,,,,,,,,,,,,,,,,,,,,
902,园艺学,A+,浙江大学,华中农业大学,,,,,,,,,,,,,,,,,,,,,,,,,
902,园艺学,A-,南京农业大学,,,,,,,,,,,,,,,,,,,,,,,,,,
902,园艺学,B+,中国农业大学,沈阳农业大学,山东农业大学,湖南农业大学,西北农林科技大学,,,,,,,,,,,,,,,,,,,,,,
902,园艺学,B,上海交通大学,华南农业大学,,,,,,,,,,,,,,,,,,,,,,,,,
902,园艺学,B-,河北农业大学,安徽农业大学,福建农林大学,西南大学,,,,,,,,,,,,,,,,,,,,,,,
902,园艺学,C+,北京农学院,东北农业大学,四川农业大学,甘肃农业大学,,,,,,,,,,,,,,,,,,,,,,,
902,园艺学,C,山西农业大学,海南大学,石河子大学,,,,,,,,,,,,,,,,,,,,,,,,
902,园艺学,C-,河南农业大学,云南农业大学,新疆农业大学,扬州大学,,,,,,,,,,,,,,,,,,,,,,,
903,农业资源与环境,A+,南京农业大学,浙江大学,,,,,,,,,,,,,,,,,,,,,,,,,
903,农业资源与环境,A-,中国农业大学,,,,,,,,,,,,,,,,,,,,,,,,,,
903,农业资源与环境,B+,华中农业大学,西南大学,西北农林科技大学,,,,,,,,,,,,,,,,,,,,,,,,
903,农业资源与环境,B,沈阳农业大学,湖南农业大学,华南农业大学,四川农业大学,,,,,,,,,,,,,,,,,,,,,,,
903,农业资源与环境,B-,吉林农业大学,福建农林大学,山东农业大学,,,,,,,,,,,,,,,,,,,,,,,,
903,农业资源与环境,C+,河北农业大学,山西农业大学,东北农业大学,浙江农林大学,,,,,,,,,,,,,,,,,,,,,,,
903,农业资源与环境,C,内蒙古农业大学,河南农业大学,云南农业大学,,,,,,,,,,,,,,,,,,,,,,,,
903,农业资源与环境,C-,安徽农业大学,青岛农业大学,扬州大学,,,,,,,,,,,,,,,,,,,,,,,,
904,植物保护,A+,南京农业大学,浙江大学,,,,,,,,,,,,,,,,,,,,,,,,,
904,植物保护,A-,中国农业大学,,,,,,,,,,,,,,,,,,,,,,,,,,
904,植物保护,B+,福建农林大学,华中农业大学,贵州大学,西北农林科技大学,,,,,,,,,,,,,,,,,,,,,,,
904,植物保护,B,山东农业大学,华南农业大学,西南大学,云南农业大学,,,,,,,,,,,,,,,,,,,,,,,
904,植物保护,B-,沈阳农业大学,吉林农业大学,湖南农业大学,,,,,,,,,,,,,,,,,,,,,,,,
904,植物保护,C+,河北农业大学,安徽农业大学,扬州大学,,,,,,,,,,,,,,,,,,,,,,,,
904,植物保护,C,东北农业大学,河南农业大学,广西大学,四川农业大学,,,,,,,,,,,,,,,,,,,,,,,
904,植物保护,C-,山西农业大学,吉林大学,青岛农业大学,,,,,,,,,,,,,,,,,,,,,,,,
905,畜牧学,A+,中国农业大学,华中农业大学,,,,,,,,,,,,,,,,,,,,,,,,,
905,畜牧学,A-,浙江大学,四川农业大学,,,,,,,,,,,,,,,,,,,,,,,,,
905,畜牧学,B+,南京农业大学,华南农业大学,西南大学,西北农林科技大学,,,,,,,,,,,,,,,,,,,,,,,
905,畜牧学,B,内蒙古农业大学,东北农业大学,江西农业大学,云南农业大学,扬州大学,,,,,,,,,,,,,,,,,,,,,,
905,畜牧学,B-,吉林大学,山东农业大学,湖南农业大学,甘肃农业大学,,,,,,,,,,,,,,,,,,,,,,,
905,畜牧学,C+,河北农业大学,山西农业大学,吉林农业大学,河南农业大学,广西大学,,,,,,,,,,,,,,,,,,,,,,
905,畜牧学,C,安徽农业大学,福建农林大学,新疆农业大学,石河子大学,,,,,,,,,,,,,,,,,,,,,,,
905,畜牧学,C-,上海交通大学,青岛农业大学,西南民族大学,兰州大学,,,,,,,,,,,,,,,,,,,,,,,
906,兽医学,A+,中国农业大学,华中农业大学,,,,,,,,,,,,,,,,,,,,,,,,,
906,兽医学,A-,华南农业大学,扬州大学,,,,,,,,,,,,,,,,,,,,,,,,,
906,兽医学,B+,吉林大学,东北农业大学,南京农业大学,西北农林科技大学,,,,,,,,,,,,,,,,,,,,,,,
906,兽医学,B,吉林农业大学,浙江大学,河南农业大学,四川农业大学,,,,,,,,,,,,,,,,,,,,,,,
906,兽医学,B-,山西农业大学,山东农业大学,湖南农业大学,甘肃农业大学,,,,,,,,,,,,,,,,,,,,,,,
906,兽医学,C+,内蒙古农业大学,沈阳农业大学,黑龙江八一农垦大学,广西大学,,,,,,,,,,,,,,,,,,,,,,,
906,兽医学,C,河北农业大学,江西农业大学,青岛农业大学,西南大学,,,,,,,,,,,,,,,,,,,,,,,
906,兽医学,C-,北京农学院,福建农林大学,新疆农业大学,石河子大学,,,,,,,,,,,,,,,,,,,,,,,
907,林学,A+,北京林业大学,南京林业大学,,,,,,,,,,,,,,,,,,,,,,,,,
907,林学,A-,西北农林科技大学,,,,,,,,,,,,,,,,,,,,,,,,,,
907,林学,B+,东北林业大学,浙江农林大学,福建农林大学,,,,,,,,,,,,,,,,,,,,,,,,
907,林学,B,中南林业科技大学,四川农业大学,西南林业大学,,,,,,,,,,,,,,,,,,,,,,,,
907,林学,B-,河北农业大学,江西农业大学,山东农业大学,,,,,,,,,,,,,,,,,,,,,,,,
907,林学,C+,内蒙古农业大学,北华大学,华南农业大学,,,,,,,,,,,,,,,,,,,,,,,,
907,林学,C,安徽农业大学,河南农业大学,贵州大学,,,,,,,,,,,,,,,,,,,,,,,,
907,林学,C-,沈阳农业大学,华中农业大学,甘肃农业大学,,,,,,,,,,,,,,,,,,,,,,,,
908,水产,A+,上海海洋大学,中国海洋大学,,,,,,,,,,,,,,,,,,,,,,,,,
908,水产,B+,华中农业大学,,,,,,,,,,,,,,,,,,,,,,,,,,
908,水产,B,大连海洋大学,宁波大学,,,,,,,,,,,,,,,,,,,,,,,,,
908,水产,B-,南京农业大学,广东海洋大学,,,,,,,,,,,,,,,,,,,,,,,,,
908,水产,C+,浙江海洋大学,集美大学,,,,,,,,,,,,,,,,,,,,,,,,,
908,水产,C,天津农学院,西南大学,,,,,,,,,,,,,,,,,,,,,,,,,
908,水产,C-,湖南农业大学,海南大学,,,,,,,,,,,,,,,,,,,,,,,,,
909,草学,A+,中国农业大学,兰州大学,,,,,,,,,,,,,,,,,,,,,,,,,
909,草学,B+,内蒙古农业大学,西北农林科技大学,甘肃农业大学,,,,,,,,,,,,,,,,,,,,,,,,
909,草学,B,四川农业大学,新疆农业大学,,,,,,,,,,,,,,,,,,,,,,,,,
909,草学,B-,华南农业大学,青海大学,宁夏大学,,,,,,,,,,,,,,,,,,,,,,,,
909,草学,C+,北京林业大学,东北农业大学,南京农业大学,,,,,,,,,,,,,,,,,,,,,,,,
909,草学,C,湖南农业大学,云南农业大学,,,,,,,,,,,,,,,,,,,,,,,,,
909,草学,C-,山西农业大学,河南农业大学,扬州大学,,,,,,,,,,,,,,,,,,,,,,,,
1001,基础医学,A+,北京大学,北京协和医学院,,,,,,,,,,,,,,,,,,,,,,,,,
1001,基础医学,A,复旦大学,,,,,,,,,,,,,,,,,,,,,,,,,,
1001,基础医学,A-,上海交通大学,浙江大学,中山大学,第二军医大学,,,,,,,,,,,,,,,,,,,,,,,
1001,基础医学,B+,天津医科大学,苏州大学,南京医科大学,山东大学,华中科技大学,中南大学,四川大学,南方医科大学,,,,,,,,,,,,,,,,,,,
1001,基础医学,B,首都医科大学,中国医科大学,大连医科大学,吉林大学,同济大学,武汉大学,西安交通大学,第四军医大学,,,,,,,,,,,,,,,,,,,
1001,基础医学,B-,南开大学,河北医科大学,哈尔滨医科大学,南通大学,郑州大学,暨南大学,重庆医科大学,兰州大学,,,,,,,,,,,,,,,,,,,
1001,基础医学,C+,徐州医科大学,安徽医科大学,厦门大学,南昌大学,南华大学,广西医科大学,贵州医科大学,青岛大学,,,,,,,,,,,,,,,,,,,
1001,基础医学,C,山西医科大学,新乡医学院,汕头大学,广州医科大学,昆明医科大学,宁夏医科大学,石河子大学,,,,,,,,,,,,,,,,,,,,
1001,基础医学,C-,华北理工大学,锦州医科大学,江苏大学,温州医科大学,,,,,,,,,,,,,,,,,,,,,,,
1001,基础医学,C-,蚌埠医学院,湖南师范大学,桂林医学院,新疆医科大学,,,,,,,,,,,,,,,,,,,,,,,
1002,临床医学,A+,上海交通大学,浙江大学,,,,,,,,,,,,,,,,,,,,,,,,,
1002,临床医学,A,北京协和医学院,复旦大学,,,,,,,,,,,,,,,,,,,,,,,,,
1002,临床医学,A-,北京大学,首都医科大学,华中科技大学,中南大学,中山大学,四川大学,,,,,,,,,,,,,,,,,,,,,
1002,临床医学,B+,中国医科大学,哈尔滨医科大学,南京医科大学,山东大学,重庆医科大学,第二军医大学,第四军医大学,,,,,,,,,,,,,,,,,,,,
1002,临床医学,B,天津医科大学,大连医科大学,吉林大学,同济大学,郑州大学,武汉大学,西安交通大学,南方医科大学,,,,,,,,,,,,,,,,,,,
1002,临床医学,B-,南开大学,河北医科大学,山西医科大学,苏州大学,温州医科大学,安徽医科大学,南昌大学,广州医科大学,昆明医科大学,,,,,,,,,,,,,,,,,,
1002,临床医学,C+,徐州医科大学,济南大学,暨南大学,汕头大学,广西医科大学,兰州大学,宁夏医科大学,新疆医科大学,青岛大学,,,,,,,,,,,,,,,,,,
1002,临床医学,C,锦州医科大学,延边大学,江苏大学,南通大学,厦门大学,新乡医学院,广东医科大学,,,,,,,,,,,,,,,,,,,,
1002,临床医学,C,贵州医科大学,,,,,,,,,,,,,,,,,,,,,,,,,,
1002,临床医学,C-,河北大学,内蒙古医科大学,浙江中医药大学,蚌埠医学院,河南大学,西南医科大学,遵义医学院,青海大学,石河子大学,,,,,,,,,,,,,,,,,,
1003,口腔医学,A+,北京大学,四川大学,第四军医大学,,,,,,,,,,,,,,,,,,,,,,,,
1003,口腔医学,B+,上海交通大学,南京医科大学,武汉大学,中山大学,,,,,,,,,,,,,,,,,,,,,,,
1003,口腔医学,B,首都医科大学,中国医科大学,浙江大学,山东大学,,,,,,,,,,,,,,,,,,,,,,,
1003,口腔医学,B-,天津医科大学,吉林大学,哈尔滨医科大学,同济大学,,,,,,,,,,,,,,,,,,,,,,,
1003,口腔医学,C+,大连医科大学,广西医科大学,重庆医科大学,西安交通大学,,,,,,,,,,,,,,,,,,,,,,,
1003,口腔医学,C,安徽医科大学,华中科技大学,中南大学,昆明医科大学,,,,,,,,,,,,,,,,,,,,,,,
1003,口腔医学,C-,南开大学,河北医科大学,温州医科大学,兰州大学,南方医科大学,,,,,,,,,,,,,,,,,,,,,,
1004,公共卫生与预防医学,A+,南京医科大学,华中科技大学,,,,,,,,,,,,,,,,,,,,,,,,,
1004,公共卫生与预防医学,A-,北京大学,哈尔滨医科大学,复旦大学,,,,,,,,,,,,,,,,,,,,,,,,
1004,公共卫生与预防医学,B+,首都医科大学,中山大学,南方医科大学,第二军医大学,第四军医大学,,,,,,,,,,,,,,,,,,,,,,
1004,公共卫生与预防医学,B,北京协和医学院,中国医科大学,浙江大学,安徽医科大学,山东大学,四川大学,,,,,,,,,,,,,,,,,,,,,
1004,公共卫生与预防医学,B-,天津医科大学,吉林大学,上海交通大学,厦门大学,中南大学,,,,,,,,,,,,,,,,,,,,,,
1004,公共卫生与预防医学,C+,山西医科大学,苏州大学,郑州大学,武汉大学,广西医科大学,西安交通大学,,,,,,,,,,,,,,,,,,,,,
1004,公共卫生与预防医学,C,华北理工大学,重庆医科大学,贵州医科大学,昆明医科大学,新疆医科大学,,,,,,,,,,,,,,,,,,,,,,
1004,公共卫生与预防医学,C-,河北医科大学,同济大学,武汉科技大学,广州医科大学,青岛大学,,,,,,,,,,,,,,,,,,,,,,
1005,中医学,A+,北京中医药大学,上海中医药大学,,,,,,,,,,,,,,,,,,,,,,,,,
1005,中医学,A-,南京中医药大学,,,,,,,,,,,,,,,,,,,,,,,,,,
1005,中医学,B+,天津中医药大学,黑龙江中医药大学,广州中医药大学,成都中医药大学,,,,,,,,,,,,,,,,,,,,,,,
1005,中医学,B,辽宁中医药大学,浙江中医药大学,山东中医药大学,湖南中医药大学,,,,,,,,,,,,,,,,,,,,,,,
1005,中医学,B-,长春中医药大学,安黴中医药大学,福建中医药大学,,,,,,,,,,,,,,,,,,,,,,,,
1005,中医学,C+,首都医科大学,江西中医药大学,河南中医药大学,湖北中医药大学,广西中医药大学,,,,,,,,,,,,,,,,,,,,,,
1005,中医学,C,贵阳中医学院,陕西中医药大学,甘肃中医药大学,,,,,,,,,,,,,,,,,,,,,,,,
1005,中医学,C-,厦门大学,云南中医学院,河北中医学院,,,,,,,,,,,,,,,,,,,,,,,,
1006,中西医结合,A+,北京中医药大学,上海中医药大学,,,,,,,,,,,,,,,,,,,,,,,,,
1006,中西医结合,A-,复旦大学,南京中医药大学,广州中医药大学,,,,,,,,,,,,,,,,,,,,,,,,
1006,中西医结合,B+,天津中医药大学,大连医科大学,辽宁中医药大学,四川大学,南方医科大学,,,,,,,,,,,,,,,,,,,,,,
1006,中西医结合,B,北京大学,黑龙江中医药大学,福建中医药大学,华中科技大学,成都中医药大学,第二军医大学,,,,,,,,,,,,,,,,,,,,,
1006,中西医结合,B-,天津医科大学,河北医科大学,浙江中医药大学,湖南中医药大学,第四军医大学,,,,,,,,,,,,,,,,,,,,,,
1006,中西医结合,C+,北京协和医学院,上海交通大学,中国药科大学,安黴中医药大学,山东中医药大学,暨南大学,,,,,,,,,,,,,,,,,,,,,
1006,中西医结合,C,首都医科大学,江西中医药大学,中山大学,新疆医科大学,河北中医学院,,,,,,,,,,,,,,,,,,,,,,
1006,中西医结合,C-,湖北中医药大学,广西中医药大学,西安交通大学,陕西中医药大学,扬州大学,,,,,,,,,,,,,,,,,,,,,,
1007,药学,A+,北京协和医学院,中国药科大学,,,,,,,,,,,,,,,,,,,,,,,,,
1007,药学,A,北京大学,沈阳药科大学,浙江大学,,,,,,,,,,,,,,,,,,,,,,,,
1007,药学,A-,复旦大学,上海交通大学,山东大学,中山大学,四川大学,第二军医大学,,,,,,,,,,,,,,,,,,,,,
1007,药学,B+,首都医科大学,哈尔滨医科大学,华东理工大学,苏州大学,中国海洋大学,武汉大学,华中科技大学,中南大学,第四军医大学,,,,,,,,,,,,,,,,,,
1007,药学,B,南开大学,天津医科大学,中国医科大学,吉林大学,南京医科大学,浙江工业大学,安徽医科大学,郑州大学,广东药科大学,西安交通大学,南方医科大学,,,,,,,,,,,,,,,,
1007,药学,B-,河北医科大学,辽宁中医药大学,延边大学,黑龙江中医药大学,南京中医药大学,温州医科大学,厦门大学,暨南大学,重庆医科大学,新疆医科大学,,,,,,,,,,,,,,,,,
1007,药学,C+,天津中医药大学,大连医科大学,南京工业大学,江南大学,江苏大学,徐州医科大学,浙江中医药大学,湖南中医药大学,广西医科大学,,,,,,,,,,,,,,,,,,
1007,药学,C+,贵州医科大学,兰州大学,,,,,,,,,,,,,,,,,,,,,,,,,
1007,药学,C,天津科技大学,山西医科大学,南昌大学,山东中医药大学,汕头大学,广州医科大学,成都中医药大学,遵义医学院,昆明医科大学,烟台大学,,,,,,,,,,,,,,,,,
1007,药学,C-,北京化工大学,同济大学,安徽中医药大学,济南大学,新乡医学院,湖北中医药大学,广州中医药大学,西南交通大学,青岛大学,成都学院,,,,,,,,,,,,,,,,,
1008,中药学,A+,黑龙江中医药大学,上海中医药大学,,,,,,,,,,,,,,,,,,,,,,,,,
1008,中药学,A-,天津中医药大学,南京中医药大学,,,,,,,,,,,,,,,,,,,,,,,,,
1008,中药学,B+,北京中医药大学,中国药科大学,江西中医药大学,成都中医药大学,,,,,,,,,,,,,,,,,,,,,,,
1008,中药学,B,沈阳药科大学,浙江中医药大学,暨南大学,广州中医药大学,,,,,,,,,,,,,,,,,,,,,,,
1008,中药学,B-,北京协和医学院,辽宁中医药大学,长春中医药大学,安黴中医药大学,湖北中医药大学,,,,,,,,,,,,,,,,,,,,,,
1008,中药学,C+,山东中医药大学,河南中医药大学,第二军医大学,第四军医大学,,,,,,,,,,,,,,,,,,,,,,,
1008,中药学,C,温州医科大学,贵阳中医学院,陕西中医药大学,甘肃中医药大学,,,,,,,,,,,,,,,,,,,,,,,
1008,中药学,C-,首都医科大学,福建中医药大学,湖南中医药大学,广西中医药大学,南方医科大学,,,,,,,,,,,,,,,,,,,,,,
1011,护理学,A+,中南大学,第二军医大学,,,,,,,,,,,,,,,,,,,,,,,,,
1011,护理学,A-,北京协和医学院,首都医科大学,四川大学,,,,,,,,,,,,,,,,,,,,,,,,
1011,护理学,B+,北京大学,上海交通大学,南京医科大学,南京中医药大学,浙江大学,山东大学,,,,,,,,,,,,,,,,,,,,,
1011,护理学,B,天津医科大学,哈尔滨医科大学,复旦大学,华中科技大学,中山大学,南方医科大学,,,,,,,,,,,,,,,,,,,,,
1011,护理学,B-,中国医科大学,吉林大学,武汉大学,重庆医科大学,西安交通大学,第四军医大学,,,,,,,,,,,,,,,,,,,,,
1011,护理学,C+,天津中医药大学,山西医科大学,苏州大学,浙江中医药大学,安徽医科大学,郑州大学,广西医科大学,,,,,,,,,,,,,,,,,,,,
1011,护理学,C,华北理工大学,大连医科大学,温州医科大学,广州医科大学,青岛大学,,,,,,,,,,,,,,,,,,,,,,
1011,护理学,C-,延边大学,杭州师范大学,福建中医药大学,南昌大学,成都中医药大学,新疆医科大学,,,,,,,,,,,,,,,,,,,,,
1201,管理科学与工程,A+,清华大学,同济大学,国防科技大学,,,,,,,,,,,,,,,,,,,,,,,,
1201,管理科学与工程,A,北京航空航天大学,天津大学,哈尔滨工业大学,上海交通大学,浙江大学,合肥工业大学,,,,,,,,,,,,,,,,,,,,,
1201,管理科学与工程,A-,北京理工大学,大连理工大学,东南大学,南京航空航天大学,中国科学技术大学,中南大学,华南理工大学,四川大学,西安交通大学,,,,,,,,,,,,,,,,,,
1201,管理科学与工程,B+,北京交通大学,华北电力大学,东北大学,东北财经大学,哈尔滨工程大学,复旦大学,华东理工大学,上海理工大学,南京大学,中国矿业大学,河海大学,福州大学,武汉大学,华中科技大学,重庆大学,西南交通大学,电子科技大学,西北工业大学,西安理工大学,,,,,,,,
1201,管理科学与工程,B,北京科技大学,北京邮电大学,首都经济贸易大学,南开大学,天津理工大学,哈尔滨理工大学,上海海事大学,东华大学,上海财经大学,上海大学,南京理工大学,江苏大学,厦门大学,,,,,,,,,,,,,,
1201,管理科学与工程,B,江西财经大学,山东大学,武汉理工大学,湖南大学,中山大学,中国石油大学,空军工程大学,,,,,,,,,,,,,,,,,,,,
1201,管理科学与工程,B-,北京大学,天津财经大学,华北水利水电大学,河北工业大学,大连海事大学,吉林大学,燕山大学,江苏科技大学,南昌大学,山东科技大学,山东财经大学,中国地质大学,暨南大学,重庆交通大学,西安电子科技大学,西安建筑科技大学,广东工业大学,,,,,,,,,,
1201,管理科学与工程,C+,中国人民大学,北京化工大学,北京外国语大学,中央财经大学,北京物资学院,河北大学,沈阳工业大学,辽宁工程技术大学,南京信息工程大学,杭州电子科技大学,中国计量大学,江西师范大学,山东师范大学,华中师范大学,深圳大学,成都理工大学,西南财经大学,昆明理工大学,青岛大学,,,,,,,,
1201,管理科学与工程,C,天津科技大学,天津工业大学,山西大学,南京工业大学,南京邮电大学,浙江工业大学,浙江理工大学,,,,,,,,,,,,,,,,,,,,
1201,管理科学与工程,C,浙江工商大学,安徽工业大学,郑州大学,武汉科技大学,武汉纺织大学,中南财经政法大学,西南石油大学,重庆邮电大学,成都信息工程大学,云南财经大学,三峡大学,北京信息科技大学,,,,,,,,,,,,,,,
1201,管理科学与工程,C-,北京工商大学,北京林业大学,石家庄铁道大学,山西财经大学,辽宁工业大学,吉林建筑大学,东北林业大学,哈尔滨商业大学,南京财经大学,安徽财经大学,华侨大学,济南大学,山东建筑大学,河南农业大学,长沙理工大学,广东财经大学,四川理工学院,西安科技大学,天津城建大学,重庆工商大学,广东外语外贸大学,,,,,,
1202,工商管理,A+,中国人民大学,清华大学,上海交通大学,中山大学,,,,,,,,,,,,,,,,,,,,,,,
1202,工商管理,A,北京大学,对外经济贸易大学,南开大学,复旦大学,上海财经大学,南京大学,厦门大学,西安交通大学,,,,,,,,,,,,,,,,,,,
1202,工商管理,A-,北京交通大学,中央财经大学,大连理工大学,东北财经大学,吉林大学,浙江大学,山东大学,武汉大学,华中科技大学,湖南大学,四川大学,西南财经大学,,,,,,,,,,,,,,,
1202,工商管理,B+,北京理工大学,首都经济贸易大学,天津大学,天津财经大学,华北电力大学,山西财经大学,辽宁大学,哈尔滨工业大学,同济大学,河海大学,浙江工业大学,浙江工商大学,中国科学技术大学,合肥工业大学,福州大学,江西财经大学,山东财经大学,中南财经政法大学,中南大学,暨南大学,华南理工大学,重庆大学,西南交通大学,电子科技大学,,,
1202,工商管理,B,北京航空航天大学,北京科技大学,,,,,,,,,,,,,,,,,,,,,,,,,
1202,工商管理,B,北京工商大学,北京师范大学,北京第二外国语学院,河北工业大学,东北大学,哈尔滨理工大学,哈尔滨商业大学,东华大学,华东师范大学,苏州大学,东南大学,南京航空航天大学,南京财经大学,华侨大学,中国海洋大学,长沙理工大学,海南大学,云南大学,云南财经大学,兰州大学,南京审计大学,浙江财经大学,,,,,
1202,工商管理,B-,北京邮电大学,中国农业大学,内蒙古财经大学,吉林财经大学,华东理工大学,上海外国语大学,上海对外经贸大学,上海大学,中国矿业大学,杭州电子科技大学,浙江师范大学,安徽财经大学,河南大学,河南财经政法大学,中国地质大学,武汉理工大学,深圳大学,广东财经大学,西北工业大学,西安理工大学,新疆财经大学,重庆理工大学,重庆工商大学,广东外语外贸大学,,,
1202,工商管理,C+,北方工业大学,北京化工大学,北京物资学院,中央民族大学,,,,,,,,,,,,,,,,,,,,,,,
1203,农林经济管理,A+,南京农业大学,浙江大学,,,,,,,,,,,,,,,,,,,,,,,,,
1203,农林经济管理,A-,华中农业大学,,,,,,,,,,,,,,,,,,,,,,,,,,
1203,农林经济管理,B+,中国人民大学,中国农业大学,华南农业大学,西北农林科技大学,,,,,,,,,,,,,,,,,,,,,,,
1203,农林经济管理,B,北京林业大学,东北农业大学,东北林业大学,西南大学,,,,,,,,,,,,,,,,,,,,,,,
1203,农林经济管理,B-,沈阳农业大学,吉林农业大学,福建农林大学,四川农业大学,,,,,,,,,,,,,,,,,,,,,,,
1203,农林经济管理,C+,中国海洋大学,河南农业大学,中南财经政法大学,湖南农业大学,,,,,,,,,,,,,,,,,,,,,,,
1203,农林经济管理,C,北京农学院,河北农业大学,内蒙古农业大学,新疆农业大学,,,,,,,,,,,,,,,,,,,,,,,
1203,农林经济管理,C-,上海海洋大学,浙江农林大学,江西农业大学,石河子大学,,,,,,,,,,,,,,,,,,,,,,,
1204,公共管理,A+,中国人民大学,清华大学,,,,,,,,,,,,,,,,,,,,,,,,,
1204,公共管理,A,北京大学,南京农业大学,浙江大学,武汉大学,中山大学,,,,,,,,,,,,,,,,,,,,,,
1204,公共管理,A-,北京航空航天大学,北京师范大学,复旦大学,上海交通大学,华中科技大学,四川大学,西安交通大学,,,,,,,,,,,,,,,,,,,,
1204,公共管理,B+,中国农业大学,南开大学,天津大学,东北大学,吉林大学,同济大学,华东师范大学,南京大学,厦门大学,郑州大学,中国地质大学,华中农业大学,中南财经政法大学,兰州大学,,,,,,,,,,,,,
1204,公共管理,B,中央财经大学,对外经济贸易大学,大连理工大学,东北财经大学,哈尔滨工业大学,哈尔滨医科大学,上海财经大学,中国矿业大学,中国科学技术大学,山东大学,华中师范大学,湘潭大学,中南大学,电子科技大学,第二军医大学,,,,,,,,,,,,
1204,公共管理,B-,中央民族大学,辽宁大学,东南大学,河海大学,杭州师范大学,南昌大学,江西财经大学,,,,,,,,,,,,,,,,,,,,
1204,公共管理,B-,山东财经大学,湖南大学,华南理工大学,广西大学,重庆大学,西南财经大学,浙江财经大学,,,,,,,,,,,,,,,,,,,,
1204,公共管理,C+,北京科技大学,北京邮电大学,首都经济贸易大学,黑龙江大学,华东理工大学,浙江工商大学,福建农林大学,中国海洋大学,河南理工大学,武汉科技大学,湖南农业大学,暨南大学,西南交通大学,云南大学,,,,,,,,,,,,,
1204,公共管理,C,北京理工大学,天津财经大学,河北大学,华北电力大学,沈阳师范大学,哈尔滨工程大学,上海理工大学,苏州大学,福州大学,江西农业大学,华南农业大学,贵州大学,云南财经大学,长安大学,广州大学,,,,,,,,,,,,
1204,公共管理,C-,北京协和医学院,大连海事大学,燕山大学,东北农业大学,哈尔滨商业大学,江苏大学,南京中医药大学,安徽医科大学,安徽财经大学,河南大学,湖北大学,西南大学,西南政法大学,贵州财经大学,,,,,,,,,,,,,
1204,公共管理,C-,西北工业大学,新疆农业大学,,,,,,,,,,,,,,,,,,,,,,,,,
1205,图书情报与档案管理,A+,南京大学,武汉大学,,,,,,,,,,,,,,,,,,,,,,,,,
1205,图书情报与档案管理,A-,中国人民大学,,,,,,,,,,,,,,,,,,,,,,,,,,
1205,图书情报与档案管理,B+,北京大学,南开大学,华中师范大学,中山大学,,,,,,,,,,,,,,,,,,,,,,,
1205,图书情报与档案管理,B,吉林大学,黑龙江大学,上海大学,云南大学,南京政治学院,,,,,,,,,,,,,,,,,,,,,,
1205,图书情报与档案管理,B-,华东师范大学,南京农业大学,郑州大学,,,,,,,,,,,,,,,,,,,,,,,,
1205,图书情报与档案管理,C+,北京师范大学,南京理工大学,湘潭大学,四川大学,,,,,,,,,,,,,,,,,,,,,,,
1205,图书情报与档案管理,C,北京协和医学院,河北大学,苏州大学,福建师范大学,,,,,,,,,,,,,,,,,,,,,,,
1205,图书情报与档案管理,C-,中国农业大学,天津师范大学,山西大学,辽宁大学,,,,,,,,,,,,,,,,,,,,,,,
1209,工商管理,C+,大连海事大学,哈尔滨工程大学,南京理工大学,江南大学,东华理工大学,济南大学,郑州大学,湖北工业大学,湖北大学,中南民族大学,广西大学,西南大学,贵州财经大学,石河子大学,上海工程技术大学,广州大学,中国石油大学,北京联合大学,西安财经学院,河北经贸大学,,,,,,,
1210,工商管理,C,北京林业大学,天津理工大学,天津商业大学,华北水利水电大学,山西大学,沈阳航空航天大学,燕山大学,上海理工大学,上海海事大学,江苏科技大学,南京工业大学,南京邮电大学,江苏大学,南京农业大学,安徽工业大学,南昌大学,武汉科技大学,华中农业大学,湘潭大学,汕头大学,桂林理工大学,西南政法大学,长安大学,青岛大学,三峡大学,扬州大学,广东工业大学
1211,工商管理,C-,天津科技大学,天津工业大学,河北大学,,,,,,,,,,,,,,,,,,,,,,,,
1212,工商管理,C-,河北地质大学,沈阳理工大学,辽宁科技大学,东北石油大学,南京信息工程大学,中国药科大学,福建农林大学,江西理工大学,齐鲁工业大学,河南理工大学,中南林业科技大学,湖南商学院,西南石油大学,重庆交通大学,西华大学,四川师范大学,昆明理工大学,兰州财经大学,沈阳大学,湖南工业大学,,,,,,,
1301,艺术学理论,A+,北京大学,东南大学,,,,,,,,,,,,,,,,,,,,,,,,,
1301,艺术学理论,A-,清华大学,中国传媒大学,中国美术学院,,,,,,,,,,,,,,,,,,,,,,,,
1301,艺术学理论,B+,北京师范大学,中央美术学院,中央戏剧学院,上海音乐学院,南京艺术学院,,,,,,,,,,,,,,,,,,,,,,
1301,艺术学理论,B,上海戏剧学院,杭州师范大学,广州美术学院,四川大学,西安美术学院,,,,,,,,,,,,,,,,,,,,,,
1301,艺术学理论,B-,中国人民大学,北京电影学院,浙江理工大学,武汉理工大学,哈尔滨音乐学院,,,,,,,,,,,,,,,,,,,,,,
1301,艺术学理论,C+,北京服装学院,厦门大学,湖北美术学院,深圳大学,广西艺术学院,四川美术学院,,,,,,,,,,,,,,,,,,,,,
1301,艺术学理论,C,沈阳音乐学院,鲁迅美术学院,东华大学,福建师范大学,,,,,,,,,,,,,,,,,,,,,,,
1301,艺术学理论,C-,河北师范大学,苏州大学,河南大学,云南大学,云南艺术学院,,,,,,,,,,,,,,,,,,,,,,
1302,音乐与舞蹈学,A+,中央音乐学院,上海音乐学院,,,,,,,,,,,,,,,,,,,,,,,,,
1302,音乐与舞蹈学,A,中国音乐学院,,,,,,,,,,,,,,,,,,,,,,,,,,
1302,音乐与舞蹈学,A-,北京舞蹈学院,南京艺术学院,福建师范大学,,,,,,,,,,,,,,,,,,,,,,,,
1302,音乐与舞蹈学,B+,首都师范大学,天津音乐学院,沈阳音乐学院,东北师范大学,星海音乐学院,四川音乐学院,西安音乐学院,,,,,,,,,,,,,,,,,,,,
1302,音乐与舞蹈学,B,中国传媒大学,中央民族大学,南京师范大学,山东师范大学,湖南师范大学,广西艺术学院,哈尔滨音乐学院,,,,,,,,,,,,,,,,,,,,
1302,音乐与舞蹈学,B-,吉林艺术学院,上海师范大学,浙江师范大学,厦门大学,河南大学,华南师范大学,云南艺术学院,,,,,,,,,,,,,,,,,,,,
1302,音乐与舞蹈学,C+,北京师范大学,中国戏曲学院,上海戏剧学院,安徽师范大学,江西师范大学,西南大学,西北师范大学,,,,,,,,,,,,,,,,,,,,
1302,音乐与舞蹈学,C,中国人民大学,河北师范大学,山西大学,沈阳师范大学,曲阜师范大学,河南师范大学,华中师范大学,西北民族大学,广州大学,,,,,,,,,,,,,,,,,,
1302,音乐与舞蹈学,C-,辽宁师范大学,延边大学,郑州大学,广西师范大学,西南民族大学,青岛大学,,,,,,,,,,,,,,,,,,,,,
1303,戏剧与影视学,A+,北京师范大学,中国传媒大学,,,,,,,,,,,,,,,,,,,,,,,,,
1303,戏剧与影视学,A-,中央戏剧学院,北京电影学院,上海戏剧学院,,,,,,,,,,,,,,,,,,,,,,,,
1303,戏剧与影视学,B+,中国戏曲学院,上海大学,南京艺术学院,中国美术学院,厦门大学,,,,,,,,,,,,,,,,,,,,,,
1303,戏剧与影视学,B,山西师范大学,上海音乐学院,重庆大学,西南大学,云南艺术学院,,,,,,,,,,,,,,,,,,,,,,
1303,戏剧与影视学,B-,东北师范大学,吉林艺术学院,上海师范大学,南京师范大学,福建师范大学,,,,,,,,,,,,,,,,,,,,,,
1303,戏剧与影视学,C+,北京大学,哈尔滨师范大学,山东师范大学,四川师范大学,西北师范大学,,,,,,,,,,,,,,,,,,,,,,
1303,戏剧与影视学,C,辽宁大学,河南大学,四川美术学院,云南师范大学,广州大学,,,,,,,,,,,,,,,,,,,,,,
1303,戏剧与影视学,C-,辽宁师范大学,吉林大学,苏州大学,深圳大学,扬州大学,,,,,,,,,,,,,,,,,,,,,,
1304,美术学,A+,中央美术学院,中国美术学院,,,,,,,,,,,,,,,,,,,,,,,,,
1304,美术学,A,南京艺术学院,西安美术学院,,,,,,,,,,,,,,,,,,,,,,,,,
1304,美术学,A-,清华大学,首都师范大学,上海大学,南京师范大学,四川美术学院,,,,,,,,,,,,,,,,,,,,,,
1304,美术学,B+,北京电影学院,天津美术学院,鲁迅美术学院,东北师范大学,景德镇陶瓷大学,湖北美术学院,广州美术学院,广西艺术学院,四川大学,,,,,,,,,,,,,,,,,,
1304,美术学,B,中国传媒大学,中央民族大学,哈尔滨师范大学,上海师范大学,福建师范大学,山东师范大学,湖南师范大学,西南大学,云南艺术学院,新疆师范大学,,,,,,,,,,,,,,,,,
1304,美术学,B-,中国人民大学,北京服装学院,吉林艺术学院,苏州大学,江南大学,浙江师范大学,杭州师范大学,广西师范大学,西北师范大学,,,,,,,,,,,,,,,,,,
1304,美术学,C+,北京印刷学院,河北师范大学,沈阳师范大学,华中师范大学,华南师范大学,深圳大学,西南民族大学,西安建筑科技大学,广州大学,,,,,,,,,,,,,,,,,,
1304,美术学,C,山西大学,内蒙古师范大学,东华大学,安徽师范大学,,,,,,,,,,,,,,,,,,,,,,,
1304,美术学,C,厦门大学,福州大学,河南师范大学,重庆大学,四川师范大学,重庆师范大学,山东工艺美术学院,,,,,,,,,,,,,,,,,,,,
1304,美术学,C-,北京师范大学,河北大学,山西师范大学,辽宁师范大学,江苏大学,江西师范大学,河南大学,云南大学,,,,,,,,,,,,,,,,,,,
1305,设计学,A+,清华大学,中国美术学院,,,,,,,,,,,,,,,,,,,,,,,,,
1305,设计学,A,中央美术学院,同济大学,,,,,,,,,,,,,,,,,,,,,,,,,
1305,设计学,A-,苏州大学,江南大学,南京艺术学院,浙江大学,湖南大学,,,,,,,,,,,,,,,,,,,,,,
1305,设计学,B+,北京服装学院,中国传媒大学,上海交通大学,东华大学,景德镇陶瓷大学,武汉理工大学,广州美术学院,四川美术学院,西安美术学院,,,,,,,,,,,,,,,,,,
1305,设计学,B,北京理工大学,鲁迅美术学院,哈尔滨工业大学,上海大学,东南大学,湖北美术学院,广西艺术学院,四川大学,山东工艺美术学院,广东工业大学,,,,,,,,,,,,,,,,,
1305,设计学,B-,北京印刷学院,天津美术学院,南京师范大学,浙江工业大学,浙江理工大学,华中科技大学,武汉纺织大学,湖北工业大学,西北工业大学,,,,,,,,,,,,,,,,,,
1305,设计学,C+,北京林业大学,大连工业大学,吉林艺术学院,南京理工大学,福州大学,中国地质大学,深圳大学,西南交通大学,陕西科技大学,湖南工业大学,,,,,,,,,,,,,,,,,
1305,设计学,C,北京工业大学,首都师范大学,天津工业大学,,,,,,,,,,,,,,,,,,,,,,,,
1305,设计学,C,沈阳航空航天大学,上海戏剧学院,南昌大学,湖南师范大学,云南艺术学院,西安工程大学,,,,,,,,,,,,,,,,,,,,,
1305,设计学,C-,中国人民大学,北京交通大学,北方工业大学,吉林大学,厦门大学,齐鲁工业大学,华中师范大学,重庆大学,西安理工大学,,,,,,,,,,,,,,,,,,